{"v":"5.8.1","fr":60,"ip":0,"op":391,"w":430,"h":430,"nm":"wired-outline-955-demand","ddd":0,"assets":[{"id":"comp_0","nm":"in-reveal","fr":60,"layers":[{"ddd":0,"ind":1,"ty":4,"nm":"bubble 2","sr":1,"ks":{"o":{"a":0,"k":100,"ix":11},"r":{"a":0,"k":0,"ix":10},"p":{"a":1,"k":[{"i":{"x":0.16,"y":1},"o":{"x":0.167,"y":0.167},"t":16,"s":[215,211,0],"to":[0,0,0],"ti":[0,0,0]},{"i":{"x":0.53,"y":0.53},"o":{"x":0.84,"y":0.84},"t":50,"s":[215,175,0],"to":[0,0,0],"ti":[0,0,0]},{"t":90,"s":[215,175,0]}],"ix":2,"l":2},"a":{"a":0,"k":[0,72.5,0],"ix":1,"l":2},"s":{"a":1,"k":[{"i":{"x":[0.659,0.659,0.667],"y":[1,1,1]},"o":{"x":[0.867,0.867,0.67],"y":[0,0,0]},"t":50,"s":[107,107,100]},{"i":{"x":[0.215,0.215,0.667],"y":[1,1,1]},"o":{"x":[0.351,0.351,0.333],"y":[0,0,0]},"t":69,"s":[82,82,100]},{"t":90,"s":[100,100,100]}],"ix":6,"l":2}},"ao":0,"shapes":[{"ty":"gr","it":[{"ind":0,"ty":"sh","ix":1,"ks":{"a":1,"k":[{"i":{"x":0.833,"y":0.833},"o":{"x":0.167,"y":0.167},"t":1,"s":[{"i":[[0,0],[0.065,0],[0,0],[0,-0.339],[0,0],[0.339,0],[0,0],[0,0],[0,0],[0,0],[0,-0.065]],"o":[[0,0.065],[0,0],[0.339,0],[0,0],[0,0.339],[0,0],[0,0],[0,0],[0,0],[0.065,0],[0,0]],"v":[[-100.163,72.383],[-100.28,72.5],[99.223,70.976],[99.837,71.59],[99.837,71.642],[99.223,72.256],[23.171,72.256],[0,72.5],[-23.496,72.256],[-100.28,72.256],[-100.163,72.373]],"c":true}]},{"i":{"x":0.833,"y":0.833},"o":{"x":0.167,"y":0.167},"t":9.328,"s":[{"i":[[0,0],[-11.046,0],[0,0],[0,-11.046],[0,0],[11.046,0],[0,0],[0,0],[0,0],[0,0],[0,11.046]],"o":[[0,-11.046],[0,0],[11.046,0],[0,0],[0,11.046],[0,0],[0,0],[0,0],[0,0],[-11.046,0],[0,0]],"v":[[-100.163,50.549],[-80.163,30.549],[79.837,30.549],[99.837,50.549],[99.837,52.256],[79.837,72.256],[23.171,72.256],[0,72.5],[-23.496,72.256],[-80.163,72.256],[-100.163,52.256]],"c":true}]},{"i":{"x":0.16,"y":1},"o":{"x":0.167,"y":0.167},"t":16,"s":[{"i":[[0,0],[-11.046,0],[0,0],[0,-11.046],[0,0],[11.046,0],[0,0],[0,0],[0,0],[0,0],[0,11.046]],"o":[[0,-11.046],[0,0],[11.046,0],[0,0],[0,11.046],[0,0],[0,0],[0,0],[0,0],[-11.046,0],[0,0]],"v":[[-100,15.183],[-80,-4.817],[80,-4.817],[100,15.183],[100,17.5],[80,37.5],[23.333,37.5],[0,72.5],[-23.333,37.5],[-80,37.5],[-100,17.5]],"c":true}]},{"t":50,"s":[{"i":[[0,0],[-11.046,0],[0,0],[0,-11.046],[0,0],[11.046,0],[0,0],[0,0],[0,0],[0,0],[0,11.046]],"o":[[0,-11.046],[0,0],[11.046,0],[0,0],[0,11.046],[0,0],[0,0],[0,0],[0,0],[-11.046,0],[0,0]],"v":[[-100,-52.5],[-80,-72.5],[80,-72.5],[100,-52.5],[100,17.5],[80,37.5],[23.333,37.5],[0,72.5],[-23.333,37.5],[-80,37.5],[-100,17.5]],"c":true}]}],"ix":2},"nm":"Path 1","mn":"ADBE Vector Shape - Group","hd":false},{"ty":"st","c":{"a":0,"k":[0.031372550875,0.658823549747,0.541176497936,1],"ix":3,"x":"var $bm_rt;\n$bm_rt = comp('wired-outline-955-demand').layer('control').effect('secondary')('Color');"},"o":{"a":0,"k":100,"ix":4},"w":{"a":0,"k":12,"ix":5,"x":"var $bm_rt;\n$bm_rt = $bm_mul($bm_div(value, 2), comp('wired-outline-955-demand').layer('control').effect('stroke')('Menu'));"},"lc":2,"lj":2,"bm":0,"nm":".secondary","mn":"ADBE Vector Graphic - Stroke","hd":false,"cl":"secondary"},{"ty":"tr","p":{"a":0,"k":[0,0],"ix":2},"a":{"a":0,"k":[0,0],"ix":1},"s":{"a":0,"k":[100,100],"ix":3},"r":{"a":0,"k":0,"ix":6},"o":{"a":0,"k":100,"ix":7},"sk":{"a":0,"k":0,"ix":4},"sa":{"a":0,"k":0,"ix":5},"nm":"Transform"}],"nm":"bubble","np":2,"cix":2,"bm":0,"ix":1,"mn":"ADBE Vector Group","hd":false},{"ty":"gr","it":[{"ind":0,"ty":"sh","ix":1,"ks":{"a":1,"k":[{"i":{"x":0.17,"y":1},"o":{"x":0.167,"y":0.167},"t":20,"s":[{"i":[[0,0],[0,0]],"o":[[0,0],[0,0]],"v":[[-0.244,0],[0.244,0]],"c":false}]},{"t":50,"s":[{"i":[[0,0],[0,0]],"o":[[0,0],[0,0]],"v":[[-25,0],[25,0]],"c":false}]}],"ix":2},"nm":"Path 1","mn":"ADBE Vector Shape - Group","hd":false},{"ind":1,"ty":"sh","ix":2,"ks":{"a":1,"k":[{"i":{"x":0.17,"y":1},"o":{"x":0.167,"y":0.167},"t":20,"s":[{"i":[[0,0],[0,0]],"o":[[0,0],[0,0]],"v":[[0,-0.244],[0,0.244]],"c":false}]},{"t":50,"s":[{"i":[[0,0],[0,0]],"o":[[0,0],[0,0]],"v":[[0,-25],[0,25]],"c":false}]}],"ix":2},"nm":"Path 2","mn":"ADBE Vector Shape - Group","hd":false},{"ty":"st","c":{"a":0,"k":[0.031372550875,0.658823549747,0.541176497936,1],"ix":3,"x":"var $bm_rt;\n$bm_rt = comp('wired-outline-955-demand').layer('control').effect('secondary')('Color');"},"o":{"a":0,"k":100,"ix":4},"w":{"a":0,"k":12,"ix":5,"x":"var $bm_rt;\n$bm_rt = $bm_mul($bm_div(value, 2), comp('wired-outline-955-demand').layer('control').effect('stroke')('Menu'));"},"lc":2,"lj":2,"bm":0,"nm":".secondary","mn":"ADBE Vector Graphic - Stroke","hd":false,"cl":"secondary"},{"ty":"tr","p":{"a":0,"k":[0,-17.5],"ix":2},"a":{"a":0,"k":[0,0],"ix":1},"s":{"a":0,"k":[100,100],"ix":3},"r":{"a":1,"k":[{"i":{"x":[0.49],"y":[1]},"o":{"x":[0.51],"y":[0]},"t":50,"s":[90]},{"t":90,"s":[0]}],"ix":6},"o":{"a":1,"k":[{"t":1,"s":[0],"h":1},{"t":20,"s":[100],"h":1}],"ix":7},"sk":{"a":0,"k":0,"ix":4},"sa":{"a":0,"k":0,"ix":5},"nm":"Transform"}],"nm":"cross","np":3,"cix":2,"bm":0,"ix":2,"mn":"ADBE Vector Group","hd":false}],"ip":1,"op":176,"st":0,"bm":0},{"ddd":0,"ind":2,"ty":4,"nm":"Vector","sr":1,"ks":{"o":{"a":0,"k":100,"ix":11},"r":{"a":0,"k":0,"ix":10},"p":{"a":0,"k":[215,302.5,0],"ix":2,"l":2},"a":{"a":0,"k":[0,0,0],"ix":1,"l":2},"s":{"a":0,"k":[100,100,100],"ix":6,"l":2}},"ao":0,"shapes":[{"ty":"gr","it":[{"ind":0,"ty":"sh","ix":1,"ks":{"a":1,"k":[{"i":{"x":0,"y":1},"o":{"x":0.167,"y":0.167},"t":1,"s":[{"i":[[0,-1.381],[1.381,0],[0,1.381],[-1.381,0]],"o":[[0,1.381],[-1.381,0],[0,-1.381],[1.381,0]],"v":[[2.5,-15.5],[0,-13],[-2.5,-15.5],[0,-18]],"c":true}]},{"i":{"x":0.667,"y":1},"o":{"x":0.333,"y":0},"t":41,"s":[{"i":[[0,-24.853],[24.853,0],[0,24.853],[-24.853,0]],"o":[[0,24.853],[-24.853,0],[0,-24.853],[24.853,0]],"v":[[45,-52.5],[0,-7.5],[-45,-52.5],[0,-97.5]],"c":true}]},{"t":81,"s":[{"i":[[0,-24.853],[24.853,0],[0,24.853],[-24.853,0]],"o":[[0,24.853],[-24.853,0],[0,-24.853],[24.853,0]],"v":[[45,-52.5],[0,-7.5],[-45,-52.5],[0,-97.5]],"c":true}]}],"ix":2},"nm":"Path 1","mn":"ADBE Vector Shape - Group","hd":false},{"ty":"st","c":{"a":0,"k":[0.070588238537,0.074509806931,0.192156866193,1],"ix":3,"x":"var $bm_rt;\n$bm_rt = comp('wired-outline-955-demand').layer('control').effect('primary')('Color');"},"o":{"a":0,"k":100,"ix":4},"w":{"a":0,"k":12,"ix":5,"x":"var $bm_rt;\n$bm_rt = $bm_mul($bm_div(value, 2), comp('wired-outline-955-demand').layer('control').effect('stroke')('Menu'));"},"lc":1,"lj":2,"bm":0,"nm":".primary","mn":"ADBE Vector Graphic - Stroke","hd":false,"cl":"primary"},{"ty":"tr","p":{"a":1,"k":[{"i":{"x":0,"y":1},"o":{"x":0.167,"y":0.167},"t":1,"s":[0,106],"to":[0,0],"ti":[0,0]},{"i":{"x":0.667,"y":1},"o":{"x":0.333,"y":0},"t":41,"s":[0,-12],"to":[0,0],"ti":[0,0]},{"t":81,"s":[0,0]}],"ix":2},"a":{"a":0,"k":[0,0],"ix":1},"s":{"a":0,"k":[100,100],"ix":3},"r":{"a":0,"k":0,"ix":6},"o":{"a":0,"k":100,"ix":7},"sk":{"a":0,"k":0,"ix":4},"sa":{"a":0,"k":0,"ix":5},"nm":"Transform"}],"nm":"Vector 2","np":2,"cix":2,"bm":0,"ix":1,"mn":"ADBE Vector Group","hd":false},{"ty":"gr","it":[{"ind":0,"ty":"sh","ix":1,"ks":{"a":1,"k":[{"i":{"x":0,"y":1},"o":{"x":0.167,"y":0.167},"t":1,"s":[{"i":[[0,0],[0,-0.828],[0,0],[0,0],[0,0],[1.381,0]],"o":[[-0.828,0],[0,0],[0,0],[0,0],[0,-1.381],[0,0]],"v":[[-88.5,93.75],[-90,95.25],[-90,97.5],[90,97.5],[90,96.25],[87.5,93.75]],"c":true}]},{"i":{"x":0.667,"y":1},"o":{"x":0.333,"y":0},"t":22,"s":[{"i":[[0,0],[0,-30.376],[0,0],[0,0],[0,0],[30.376,0]],"o":[[-30.376,0],[0,0],[0,0],[0,0],[0,-30.376],[0,0]],"v":[[-35,9],[-90,64],[-90,97.5],[90,97.5],[90,64],[35,9]],"c":true}]},{"t":62,"s":[{"i":[[0,0],[0,-30.376],[0,0],[0,0],[0,0],[30.376,0]],"o":[[-30.376,0],[0,0],[0,0],[0,0],[0,-30.376],[0,0]],"v":[[-35,17.5],[-90,72.5],[-90,97.5],[90,97.5],[90,72.5],[35,17.5]],"c":true}]}],"ix":2},"nm":"Path 2","mn":"ADBE Vector Shape - Group","hd":false},{"ty":"st","c":{"a":0,"k":[0.070588238537,0.074509806931,0.192156866193,1],"ix":3,"x":"var $bm_rt;\n$bm_rt = comp('wired-outline-955-demand').layer('control').effect('primary')('Color');"},"o":{"a":0,"k":100,"ix":4},"w":{"a":0,"k":12,"ix":5,"x":"var $bm_rt;\n$bm_rt = $bm_mul($bm_div(value, 2), comp('wired-outline-955-demand').layer('control').effect('stroke')('Menu'));"},"lc":1,"lj":2,"bm":0,"nm":".primary","mn":"ADBE Vector Graphic - Stroke","hd":false,"cl":"primary"},{"ty":"tr","p":{"a":0,"k":[0,0],"ix":2},"a":{"a":0,"k":[0,0],"ix":1},"s":{"a":0,"k":[100,100],"ix":3},"r":{"a":0,"k":0,"ix":6},"o":{"a":0,"k":100,"ix":7},"sk":{"a":0,"k":0,"ix":4},"sa":{"a":0,"k":0,"ix":5},"nm":"Transform"}],"nm":"Vector","np":2,"cix":2,"bm":0,"ix":2,"mn":"ADBE Vector Group","hd":false}],"ip":1,"op":1800,"st":0,"bm":0},{"ddd":0,"ind":3,"ty":4,"nm":"Vector 2","sr":1,"ks":{"o":{"a":0,"k":100,"ix":11},"r":{"a":0,"k":0,"ix":10},"p":{"a":0,"k":[115,307.5,0],"ix":2,"l":2},"a":{"a":0,"k":[0,0,0],"ix":1,"l":2},"s":{"a":0,"k":[100,100,100],"ix":6,"l":2}},"ao":0,"shapes":[{"ty":"gr","it":[{"ind":0,"ty":"sh","ix":1,"ks":{"a":1,"k":[{"i":{"x":0,"y":1},"o":{"x":0.167,"y":0.167},"t":1,"s":[{"i":[[0,-1.381],[1.381,0],[0,1.381],[-1.381,0]],"o":[[0,1.381],[-1.381,0],[0,-1.381],[1.381,0]],"v":[[2.5,-42.5],[0,-40],[-2.5,-42.5],[0,-45]],"c":true}]},{"i":{"x":0.667,"y":1},"o":{"x":0.333,"y":0},"t":50,"s":[{"i":[[0,-16.569],[16.569,0],[0,16.569],[-16.569,0]],"o":[[0,16.569],[-16.569,0],[0,-16.569],[16.569,0]],"v":[[30,-42.5],[0,-12.5],[-30,-42.5],[0,-72.5]],"c":true}]},{"t":90,"s":[{"i":[[0,-16.569],[16.569,0],[0,16.569],[-16.569,0]],"o":[[0,16.569],[-16.569,0],[0,-16.569],[16.569,0]],"v":[[30,-42.5],[0,-12.5],[-30,-42.5],[0,-72.5]],"c":true}]}],"ix":2},"nm":"Path 1","mn":"ADBE Vector Shape - Group","hd":false},{"ty":"st","c":{"a":0,"k":[0.070588238537,0.074509806931,0.192156866193,1],"ix":3,"x":"var $bm_rt;\n$bm_rt = comp('wired-outline-955-demand').layer('control').effect('primary')('Color');"},"o":{"a":0,"k":100,"ix":4},"w":{"a":0,"k":12,"ix":5,"x":"var $bm_rt;\n$bm_rt = $bm_mul($bm_div(value, 2), comp('wired-outline-955-demand').layer('control').effect('stroke')('Menu'));"},"lc":1,"lj":2,"bm":0,"nm":".primary","mn":"ADBE Vector Graphic - Stroke","hd":false,"cl":"primary"},{"ty":"tr","p":{"a":1,"k":[{"i":{"x":0,"y":1},"o":{"x":0.167,"y":0.167},"t":1,"s":[0,112],"to":[0,0],"ti":[0,0]},{"i":{"x":0.667,"y":1},"o":{"x":0.333,"y":0},"t":50,"s":[0,-18],"to":[0,0],"ti":[0,0]},{"t":90,"s":[0,0]}],"ix":2},"a":{"a":0,"k":[0,0],"ix":1},"s":{"a":0,"k":[100,100],"ix":3},"r":{"a":0,"k":0,"ix":6},"o":{"a":0,"k":100,"ix":7},"sk":{"a":0,"k":0,"ix":4},"sa":{"a":0,"k":0,"ix":5},"nm":"Transform"}],"nm":"Vector 2","np":2,"cix":2,"bm":0,"ix":1,"mn":"ADBE Vector Group","hd":false},{"ty":"gr","it":[{"ind":0,"ty":"sh","ix":1,"ks":{"a":1,"k":[{"i":{"x":0,"y":1},"o":{"x":0.167,"y":0.167},"t":1,"s":[{"i":[[0,0],[0,-0.552],[0,0],[0,0],[0,0],[0.414,0]],"o":[[-0.552,0],[0,0],[0,0],[0,0],[0,-0.414],[0,0]],"v":[[-64,71.25],[-65,72.25],[-65,72.5],[65,72.5],[65,72],[64.25,71.25]],"c":true}]},{"i":{"x":0.667,"y":1},"o":{"x":0.333,"y":0},"t":32,"s":[{"i":[[0,0],[0,-24.853],[0,0],[0,0],[0,0],[24.853,0]],"o":[[-24.853,0],[0,0],[0,0],[0,0],[0,-24.853],[0,0]],"v":[[-20,-6],[-65,39],[-65,72.5],[65,72.5],[65,39],[20,-6]],"c":true}]},{"t":72,"s":[{"i":[[0,0],[0,-24.853],[0,0],[0,0],[0,0],[24.853,0]],"o":[[-24.853,0],[0,0],[0,0],[0,0],[0,-24.853],[0,0]],"v":[[-20,12.5],[-65,57.5],[-65,72.5],[65,72.5],[65,57.5],[20,12.5]],"c":true}]}],"ix":2},"nm":"Path 2","mn":"ADBE Vector Shape - Group","hd":false},{"ty":"tm","s":{"a":1,"k":[{"i":{"x":[0.596],"y":[0.507]},"o":{"x":[0.256],"y":[0.137]},"t":5,"s":[0]},{"i":{"x":[0.622],"y":[0.794]},"o":{"x":[0.256],"y":[0.295]},"t":8,"s":[1]},{"i":{"x":[0.702],"y":[1]},"o":{"x":[0.347],"y":[-1.368]},"t":21,"s":[5.586]},{"i":{"x":[0.667],"y":[0.078]},"o":{"x":[0.333],"y":[0]},"t":33,"s":[5]},{"i":{"x":[0.667],"y":[1]},"o":{"x":[0.333],"y":[0.161]},"t":54,"s":[5.627]},{"t":62,"s":[7]}],"ix":1},"e":{"a":1,"k":[{"i":{"x":[0.833],"y":[0.833]},"o":{"x":[0.167],"y":[0.167]},"t":2,"s":[100]},{"i":{"x":[0.833],"y":[0.833]},"o":{"x":[0.167],"y":[0.167]},"t":3,"s":[80]},{"i":{"x":[0.833],"y":[0.833]},"o":{"x":[0.167],"y":[0.167]},"t":4,"s":[71]},{"i":{"x":[0.596],"y":[0.777]},"o":{"x":[0.256],"y":[0.067]},"t":5,"s":[63]},{"i":{"x":[0.622],"y":[0.704]},"o":{"x":[0.256],"y":[0.393]},"t":8,"s":[66.695]},{"i":{"x":[0.702],"y":[1]},"o":{"x":[0.347],"y":[-3.173]},"t":21,"s":[72.455]},{"i":{"x":[0.667],"y":[1]},"o":{"x":[0.333],"y":[0]},"t":33,"s":[72]},{"t":62,"s":[73]}],"ix":2},"o":{"a":1,"k":[{"i":{"x":[0.833],"y":[0.833]},"o":{"x":[0.167],"y":[0.167]},"t":2,"s":[-173]},{"i":{"x":[0.833],"y":[0.833]},"o":{"x":[0.167],"y":[0.167]},"t":3,"s":[-164.333]},{"t":5,"s":[-90]}],"ix":3},"m":1,"ix":2,"nm":"Trim Paths 1","mn":"ADBE Vector Filter - Trim","hd":false},{"ty":"st","c":{"a":0,"k":[0.070588238537,0.074509806931,0.192156866193,1],"ix":3,"x":"var $bm_rt;\n$bm_rt = comp('wired-outline-955-demand').layer('control').effect('primary')('Color');"},"o":{"a":0,"k":100,"ix":4},"w":{"a":0,"k":12,"ix":5,"x":"var $bm_rt;\n$bm_rt = $bm_mul($bm_div(value, 2), comp('wired-outline-955-demand').layer('control').effect('stroke')('Menu'));"},"lc":1,"lj":2,"bm":0,"nm":".primary","mn":"ADBE Vector Graphic - Stroke","hd":false,"cl":"primary"},{"ty":"tr","p":{"a":0,"k":[0,0],"ix":2},"a":{"a":0,"k":[0,0],"ix":1},"s":{"a":0,"k":[100,100],"ix":3},"r":{"a":0,"k":0,"ix":6},"o":{"a":0,"k":100,"ix":7},"sk":{"a":0,"k":0,"ix":4},"sa":{"a":0,"k":0,"ix":5},"nm":"Transform"}],"nm":"Vector","np":3,"cix":2,"bm":0,"ix":2,"mn":"ADBE Vector Group","hd":false}],"ip":1,"op":1800,"st":0,"bm":0},{"ddd":0,"ind":4,"ty":4,"nm":"Vector","sr":1,"ks":{"o":{"a":0,"k":100,"ix":11},"r":{"a":0,"k":0,"ix":10},"p":{"a":0,"k":[315,307.5,0],"ix":2,"l":2},"a":{"a":0,"k":[0,0,0],"ix":1,"l":2},"s":{"a":0,"k":[100,100,100],"ix":6,"l":2}},"ao":0,"shapes":[{"ty":"gr","it":[{"ind":0,"ty":"sh","ix":1,"ks":{"a":1,"k":[{"i":{"x":0,"y":1},"o":{"x":0.167,"y":0.167},"t":1,"s":[{"i":[[0,-1.381],[1.381,0],[0,1.381],[-1.381,0]],"o":[[0,1.381],[-1.381,0],[0,-1.381],[1.381,0]],"v":[[2.5,-42.5],[0,-40],[-2.5,-42.5],[0,-45]],"c":true}]},{"i":{"x":0.667,"y":1},"o":{"x":0.333,"y":0},"t":50,"s":[{"i":[[0,-16.569],[16.569,0],[0,16.569],[-16.569,0]],"o":[[0,16.569],[-16.569,0],[0,-16.569],[16.569,0]],"v":[[30,-42.5],[0,-12.5],[-30,-42.5],[0,-72.5]],"c":true}]},{"t":90,"s":[{"i":[[0,-16.569],[16.569,0],[0,16.569],[-16.569,0]],"o":[[0,16.569],[-16.569,0],[0,-16.569],[16.569,0]],"v":[[30,-42.5],[0,-12.5],[-30,-42.5],[0,-72.5]],"c":true}]}],"ix":2},"nm":"Path 1","mn":"ADBE Vector Shape - Group","hd":false},{"ty":"st","c":{"a":0,"k":[0.070588238537,0.074509806931,0.192156866193,1],"ix":3,"x":"var $bm_rt;\n$bm_rt = comp('wired-outline-955-demand').layer('control').effect('primary')('Color');"},"o":{"a":0,"k":100,"ix":4},"w":{"a":0,"k":12,"ix":5,"x":"var $bm_rt;\n$bm_rt = $bm_mul($bm_div(value, 2), comp('wired-outline-955-demand').layer('control').effect('stroke')('Menu'));"},"lc":1,"lj":2,"bm":0,"nm":".primary","mn":"ADBE Vector Graphic - Stroke","hd":false,"cl":"primary"},{"ty":"tr","p":{"a":1,"k":[{"i":{"x":0,"y":1},"o":{"x":0.167,"y":0.167},"t":1,"s":[0,112],"to":[0,0],"ti":[0,0]},{"i":{"x":0.667,"y":1},"o":{"x":0.333,"y":0},"t":50,"s":[0,-18],"to":[0,0],"ti":[0,0]},{"t":90,"s":[0,0]}],"ix":2},"a":{"a":0,"k":[0,0],"ix":1},"s":{"a":0,"k":[100,100],"ix":3},"r":{"a":0,"k":0,"ix":6},"o":{"a":0,"k":100,"ix":7},"sk":{"a":0,"k":0,"ix":4},"sa":{"a":0,"k":0,"ix":5},"nm":"Transform"}],"nm":"Vector 2","np":2,"cix":2,"bm":0,"ix":1,"mn":"ADBE Vector Group","hd":false},{"ty":"gr","it":[{"ind":0,"ty":"sh","ix":1,"ks":{"a":1,"k":[{"i":{"x":0,"y":1},"o":{"x":0.167,"y":0.167},"t":1,"s":[{"i":[[-0.552,0],[0,0],[0,-0.414],[0,0],[0,0],[0,0]],"o":[[0,0],[0.414,0],[0,0],[0,0],[0,0],[0,-0.552]],"v":[[-64,71.25],[64.25,71.25],[65,72],[65,72.5],[-65,72.5],[-65,72.25]],"c":true}]},{"i":{"x":0.667,"y":1},"o":{"x":0.333,"y":0},"t":32,"s":[{"i":[[-24.853,0],[0,0],[0,-24.853],[0,0],[0,0],[0,0]],"o":[[0,0],[24.853,0],[0,0],[0,0],[0,0],[0,-24.853]],"v":[[-20,-6],[20,-6],[65,39],[65,72.5],[-65,72.5],[-65,39]],"c":true}]},{"t":72,"s":[{"i":[[-24.853,0],[0,0],[0,-24.853],[0,0],[0,0],[0,0]],"o":[[0,0],[24.853,0],[0,0],[0,0],[0,0],[0,-24.853]],"v":[[-20,12.5],[20,12.5],[65,57.5],[65,72.5],[-65,72.5],[-65,57.5]],"c":true}]}],"ix":2},"nm":"Path 2","mn":"ADBE Vector Shape - Group","hd":false},{"ty":"st","c":{"a":0,"k":[0.070588238537,0.074509806931,0.192156866193,1],"ix":3,"x":"var $bm_rt;\n$bm_rt = comp('wired-outline-955-demand').layer('control').effect('primary')('Color');"},"o":{"a":0,"k":100,"ix":4},"w":{"a":0,"k":12,"ix":5,"x":"var $bm_rt;\n$bm_rt = $bm_mul($bm_div(value, 2), comp('wired-outline-955-demand').layer('control').effect('stroke')('Menu'));"},"lc":1,"lj":2,"bm":0,"nm":".primary","mn":"ADBE Vector Graphic - Stroke","hd":false,"cl":"primary"},{"ty":"tm","s":{"a":1,"k":[{"i":{"x":[0.596],"y":[0.507]},"o":{"x":[0.256],"y":[0.137]},"t":5,"s":[0]},{"i":{"x":[0.622],"y":[0.794]},"o":{"x":[0.256],"y":[0.295]},"t":8,"s":[1]},{"i":{"x":[0.702],"y":[1]},"o":{"x":[0.347],"y":[-1.368]},"t":21,"s":[5.586]},{"i":{"x":[0.667],"y":[0.078]},"o":{"x":[0.333],"y":[0]},"t":33,"s":[5]},{"i":{"x":[0.667],"y":[1]},"o":{"x":[0.333],"y":[0.161]},"t":54,"s":[5.627]},{"t":62,"s":[7]}],"ix":1},"e":{"a":1,"k":[{"i":{"x":[0.833],"y":[0.833]},"o":{"x":[0.167],"y":[0.167]},"t":2,"s":[100]},{"i":{"x":[0.833],"y":[0.833]},"o":{"x":[0.167],"y":[0.167]},"t":3,"s":[80]},{"i":{"x":[0.833],"y":[0.833]},"o":{"x":[0.167],"y":[0.167]},"t":4,"s":[71]},{"i":{"x":[0.596],"y":[0.777]},"o":{"x":[0.256],"y":[0.067]},"t":5,"s":[63]},{"i":{"x":[0.622],"y":[0.704]},"o":{"x":[0.256],"y":[0.393]},"t":8,"s":[66.695]},{"i":{"x":[0.702],"y":[1]},"o":{"x":[0.347],"y":[-3.173]},"t":21,"s":[72.455]},{"i":{"x":[0.667],"y":[1]},"o":{"x":[0.333],"y":[0]},"t":33,"s":[72]},{"t":62,"s":[73]}],"ix":2},"o":{"a":1,"k":[{"i":{"x":[0.833],"y":[0.833]},"o":{"x":[0.167],"y":[0.167]},"t":2,"s":[-136]},{"i":{"x":[0.833],"y":[0.833]},"o":{"x":[0.167],"y":[0.167]},"t":3,"s":[-15.333]},{"i":{"x":[0.833],"y":[0.833]},"o":{"x":[0.167],"y":[0.167]},"t":5,"s":[16]},{"i":{"x":[0.833],"y":[0.833]},"o":{"x":[0.167],"y":[0.167]},"t":8,"s":[-12]},{"i":{"x":[0.833],"y":[0.833]},"o":{"x":[0.167],"y":[0.167]},"t":11,"s":[-24]},{"i":{"x":[0.833],"y":[0.833]},"o":{"x":[0.167],"y":[0.167]},"t":21,"s":[-48]},{"i":{"x":[0.833],"y":[0.833]},"o":{"x":[0.167],"y":[0.167]},"t":25,"s":[-52.488]},{"i":{"x":[0.833],"y":[0.833]},"o":{"x":[0.167],"y":[0.167]},"t":33,"s":[-49.463]},{"t":62,"s":[-53]}],"ix":3},"m":1,"ix":3,"nm":"Trim Paths 1","mn":"ADBE Vector Filter - Trim","hd":false},{"ty":"tr","p":{"a":0,"k":[0,0],"ix":2},"a":{"a":0,"k":[0,0],"ix":1},"s":{"a":0,"k":[100,100],"ix":3},"r":{"a":0,"k":0,"ix":6},"o":{"a":0,"k":100,"ix":7},"sk":{"a":0,"k":0,"ix":4},"sa":{"a":0,"k":0,"ix":5},"nm":"Transform"}],"nm":"Vector","np":3,"cix":2,"bm":0,"ix":2,"mn":"ADBE Vector Group","hd":false}],"ip":1,"op":1800,"st":0,"bm":0}]},{"id":"comp_1","nm":"hover-click","fr":60,"layers":[{"ddd":0,"ind":1,"ty":4,"nm":"Vector 2","sr":1,"ks":{"o":{"a":0,"k":100,"ix":11},"r":{"a":0,"k":0,"ix":10},"p":{"a":0,"k":[215,101,0],"ix":2,"l":2},"a":{"a":0,"k":[0,0,0],"ix":1,"l":2},"s":{"a":1,"k":[{"i":{"x":[0.366,0.366,0.667],"y":[1,1,1]},"o":{"x":[0.167,0.167,0.167],"y":[0.167,0.167,-0.196]},"t":45,"s":[100,100,100]},{"i":{"x":[0.476,0.476,0.667],"y":[1,1,1]},"o":{"x":[0.333,0.333,0.333],"y":[0,0,0]},"t":63,"s":[84,84,100]},{"i":{"x":[0.667,0.667,0.667],"y":[1,1,1]},"o":{"x":[0.333,0.333,0.333],"y":[0,0,0]},"t":83,"s":[105,105,100]},{"t":106,"s":[100,100,100]}],"ix":6,"l":2}},"ao":0,"shapes":[{"ty":"gr","it":[{"ind":0,"ty":"sh","ix":1,"ks":{"a":1,"k":[{"i":{"x":0.833,"y":0.833},"o":{"x":0.65,"y":0},"t":90,"s":[{"i":[[0,0],[0,0],[2.689,-2.687],[0.003,-3.801],[-0.721,-1.739],[-1.332,-1.331],[-1.74,-0.72],[-1.883,0.001],[0,0],[-1.737,-0.721],[-1.328,-1.331],[-0.717,-1.738],[0.004,-1.88],[2.648,-2.663],[3.755,-0.029],[0,0]],"o":[[0,0],[-3.801,0],[-2.689,2.687],[0,1.883],[0.721,1.739],[1.332,1.331],[1.74,0.72],[0,0],[1.88,0],[1.737,0.721],[1.328,1.331],[0.717,1.738],[-0.008,3.755],[-2.648,2.663],[0,0],[0,0]],"v":[[16.552,-28.4],[-5.66,-28.4],[-15.796,-24.204],[-20,-14.071],[-18.908,-8.585],[-15.799,-3.934],[-11.147,-0.829],[-5.66,0.259],[5.301,0.259],[10.781,1.35],[15.424,4.458],[18.521,9.107],[19.601,14.589],[15.456,24.607],[5.461,28.809],[-19.581,28.59]],"c":false}]},{"t":116,"s":[{"i":[[0,0],[0,0],[0,-2.687],[0,-3.801],[0,-1.739],[0,-1.331],[0,-0.72],[0,0.001],[0,0],[0,-0.721],[0,-1.331],[0,-1.738],[0,-1.88],[0,-2.663],[0,-0.029],[0,0]],"o":[[0,0],[0,0],[0,2.687],[0,1.883],[0,1.739],[0,1.331],[0,0.72],[0,0],[0,0],[0,0.721],[0,1.331],[0,1.738],[0,3.755],[0,2.663],[0,0],[0,0]],"v":[[0,-28.4],[0,-28.4],[0,-24.204],[0,-14.071],[0,-8.585],[0,-3.934],[0,-0.829],[0,0.259],[0,0.259],[0,1.35],[0,4.458],[0,9.107],[0,14.589],[0,24.607],[0,28.809],[0,28.59]],"c":false}]}],"ix":2},"nm":"Path 2","mn":"ADBE Vector Shape - Group","hd":false},{"ty":"tm","s":{"a":1,"k":[{"i":{"x":[0.18],"y":[1]},"o":{"x":[0.167],"y":[0.167]},"t":45,"s":[34]},{"i":{"x":[0.35],"y":[1]},"o":{"x":[0.167],"y":[0]},"t":60.867,"s":[0]},{"t":90,"s":[0]}],"ix":1},"e":{"a":1,"k":[{"i":{"x":[0.18],"y":[1]},"o":{"x":[0.167],"y":[0.167]},"t":45,"s":[66]},{"i":{"x":[0.35],"y":[1]},"o":{"x":[0.167],"y":[0]},"t":60.867,"s":[100]},{"t":90,"s":[100]}],"ix":2},"o":{"a":0,"k":0,"ix":3},"m":1,"ix":2,"nm":"Trim Paths 1","mn":"ADBE Vector Filter - Trim","hd":false},{"ind":2,"ty":"sh","ix":3,"ks":{"a":1,"k":[{"i":{"x":0.45,"y":1},"o":{"x":0.167,"y":0.167},"t":45,"s":[{"i":[[-0.463,0],[0,50.536],[41.786,0],[0.213,0],[0,-38.191],[-52.328,0]],"o":[[43.536,0],[0,-51.214],[-0.213,0],[-55.075,0],[0,37.941],[0.461,0]],"v":[[13.964,64],[83.5,-5.536],[13.964,-75.073],[-14.675,-75.067],[-83.573,-5.534],[-15.422,63.989]],"c":true}]},{"i":{"x":0.35,"y":1},"o":{"x":0.167,"y":0},"t":60.867,"s":[{"i":[[-0.499,0],[0,41.421],[41.421,0],[0.229,-0.002],[0,-41.192],[-40.731,-0.796]],"o":[[41.421,0],[0,-41.421],[-0.23,0],[-41.104,0.37],[0,40.922],[0.497,0.01]],"v":[[0,75],[75,0],[0,-75],[-0.689,-74.997],[-75,0],[-1.495,74.985]],"c":true}]},{"i":{"x":0.833,"y":0.833},"o":{"x":0.65,"y":0},"t":90,"s":[{"i":[[-0.499,0],[0,41.421],[41.421,0],[0.229,-0.002],[0,-41.192],[-40.731,-0.796]],"o":[[41.421,0],[0,-41.421],[-0.23,0],[-41.104,0.37],[0,40.922],[0.497,0.01]],"v":[[0,75],[75,0],[0,-75],[-0.689,-74.997],[-75,0],[-1.495,74.985]],"c":true}]},{"t":116,"s":[{"i":[[0,0],[0,41.421],[0,0],[0,-0.002],[0,-41.192],[0,-0.796]],"o":[[0,0],[0,-41.421],[0,0],[0,0.37],[0,40.922],[0,0.01]],"v":[[0,75],[0,0],[0,-75],[0,-74.997],[0,0],[0,74.985]],"c":true}]}],"ix":2},"nm":"Path 1","mn":"ADBE Vector Shape - Group","hd":false},{"ind":3,"ty":"sh","ix":4,"ks":{"a":1,"k":[{"i":{"x":0.18,"y":1},"o":{"x":0.167,"y":0.167},"t":45,"s":[{"i":[[0,0],[0,0]],"o":[[0,0],[0,0]],"v":[[-0.148,18.749],[-0.148,35]],"c":false}]},{"i":{"x":0.35,"y":1},"o":{"x":0.167,"y":0},"t":60.867,"s":[{"i":[[0,0],[0,0]],"o":[[0,0],[0,0]],"v":[[-0.199,28.749],[-0.199,40]],"c":false}]},{"i":{"x":0.833,"y":0.833},"o":{"x":0.65,"y":0},"t":90,"s":[{"i":[[0,0],[0,0]],"o":[[0,0],[0,0]],"v":[[-0.199,28.749],[-0.199,40]],"c":false}]},{"t":116,"s":[{"i":[[0,0],[0,0]],"o":[[0,0],[0,0]],"v":[[0,28.749],[0,40]],"c":false}]}],"ix":2},"nm":"Path 3","mn":"ADBE Vector Shape - Group","hd":false},{"ind":4,"ty":"sh","ix":5,"ks":{"a":1,"k":[{"i":{"x":0.18,"y":1},"o":{"x":0.167,"y":0.167},"t":45,"s":[{"i":[[0,0],[0,0]],"o":[[0,0],[0,0]],"v":[[-0.148,-36],[-0.148,-17.94]],"c":false}]},{"i":{"x":0.35,"y":1},"o":{"x":0.167,"y":0},"t":60.867,"s":[{"i":[[0,0],[0,0]],"o":[[0,0],[0,0]],"v":[[-0.199,-40],[-0.199,-28.44]],"c":false}]},{"i":{"x":0.833,"y":0.833},"o":{"x":0.65,"y":0},"t":90,"s":[{"i":[[0,0],[0,0]],"o":[[0,0],[0,0]],"v":[[-0.199,-40],[-0.199,-28.44]],"c":false}]},{"t":116,"s":[{"i":[[0,0],[0,0]],"o":[[0,0],[0,0]],"v":[[0,-40],[0,-28.44]],"c":false}]}],"ix":2},"nm":"Path 4","mn":"ADBE Vector Shape - Group","hd":false},{"ty":"mm","mm":1,"nm":"Merge Paths 1","mn":"ADBE Vector Filter - Merge","hd":false},{"ty":"st","c":{"a":0,"k":[0.031372550875,0.658823549747,0.541176497936,1],"ix":3,"x":"var $bm_rt;\n$bm_rt = comp('wired-outline-955-demand').layer('control').effect('secondary')('Color');"},"o":{"a":0,"k":100,"ix":4},"w":{"a":0,"k":12,"ix":5,"x":"var $bm_rt;\n$bm_rt = $bm_mul($bm_div(value, 2), comp('wired-outline-955-demand').layer('control').effect('stroke')('Menu'));"},"lc":2,"lj":2,"bm":0,"nm":".secondary","mn":"ADBE Vector Graphic - Stroke","hd":false,"cl":"secondary"},{"ty":"tr","p":{"a":0,"k":[0,0],"ix":2},"a":{"a":0,"k":[0,0],"ix":1},"s":{"a":0,"k":[100,100],"ix":3},"r":{"a":0,"k":0,"ix":6},"o":{"a":0,"k":100,"ix":7},"sk":{"a":0,"k":0,"ix":4},"sa":{"a":0,"k":0,"ix":5},"nm":"Transform"}],"nm":"Vector","np":7,"cix":2,"bm":0,"ix":1,"mn":"ADBE Vector Group","hd":false}],"ip":45,"op":116,"st":0,"bm":0},{"ddd":0,"ind":2,"ty":4,"nm":"Vector","sr":1,"ks":{"o":{"a":0,"k":100,"ix":11},"r":{"a":0,"k":0,"ix":10},"p":{"a":1,"k":[{"i":{"x":0.276,"y":1},"o":{"x":0.468,"y":0},"t":0,"s":[215,302.5,0],"to":[0,0,0],"ti":[0,0,0]},{"i":{"x":0.16,"y":1},"o":{"x":0.38,"y":0},"t":31,"s":[215,324.5,0],"to":[0,0,0],"ti":[0,0,0]},{"t":150,"s":[215,302.5,0]}],"ix":2,"l":2},"a":{"a":0,"k":[0,0,0],"ix":1,"l":2},"s":{"a":0,"k":[100,100,100],"ix":6,"l":2}},"ao":0,"shapes":[{"ty":"gr","it":[{"ind":0,"ty":"sh","ix":1,"ks":{"a":0,"k":{"i":[[0,-24.853],[24.853,0],[0,24.853],[-24.853,0]],"o":[[0,24.853],[-24.853,0],[0,-24.853],[24.853,0]],"v":[[45,-52.5],[0,-7.5],[-45,-52.5],[0,-97.5]],"c":true},"ix":2},"nm":"Path 1","mn":"ADBE Vector Shape - Group","hd":false},{"ind":1,"ty":"sh","ix":2,"ks":{"a":0,"k":{"i":[[0,0],[0,-30.376],[0,0],[0,0],[0,0],[30.376,0]],"o":[[-30.376,0],[0,0],[0,0],[0,0],[0,-30.376],[0,0]],"v":[[-35,17.5],[-90,72.5],[-90,97.5],[90,97.5],[90,72.5],[35,17.5]],"c":true},"ix":2},"nm":"Path 2","mn":"ADBE Vector Shape - Group","hd":false},{"ty":"mm","mm":1,"nm":"Merge Paths 1","mn":"ADBE Vector Filter - Merge","hd":false},{"ty":"st","c":{"a":0,"k":[0.070588238537,0.074509806931,0.192156866193,1],"ix":3,"x":"var $bm_rt;\n$bm_rt = comp('wired-outline-955-demand').layer('control').effect('primary')('Color');"},"o":{"a":0,"k":100,"ix":4},"w":{"a":0,"k":12,"ix":5,"x":"var $bm_rt;\n$bm_rt = $bm_mul($bm_div(value, 2), comp('wired-outline-955-demand').layer('control').effect('stroke')('Menu'));"},"lc":1,"lj":2,"bm":0,"nm":".primary","mn":"ADBE Vector Graphic - Stroke","hd":false,"cl":"primary"},{"ty":"tr","p":{"a":0,"k":[0,0],"ix":2},"a":{"a":0,"k":[0,0],"ix":1},"s":{"a":0,"k":[100,100],"ix":3},"r":{"a":0,"k":0,"ix":6},"o":{"a":0,"k":100,"ix":7},"sk":{"a":0,"k":0,"ix":4},"sa":{"a":0,"k":0,"ix":5},"nm":"Transform"}],"nm":"Vector","np":4,"cix":2,"bm":0,"ix":1,"mn":"ADBE Vector Group","hd":false}],"ip":0,"op":1800,"st":0,"bm":0},{"ddd":0,"ind":3,"ty":4,"nm":"Vector","sr":1,"ks":{"o":{"a":0,"k":100,"ix":11},"r":{"a":0,"k":0,"ix":10},"p":{"a":1,"k":[{"i":{"x":0.276,"y":1},"o":{"x":0.468,"y":0},"t":0,"s":[315,307.5,0],"to":[0,0,0],"ti":[0,0,0]},{"i":{"x":0.16,"y":1},"o":{"x":0.38,"y":0},"t":31,"s":[315,317.5,0],"to":[0,0,0],"ti":[0,0,0]},{"t":150,"s":[315,307.5,0]}],"ix":2,"l":2},"a":{"a":0,"k":[0,0,0],"ix":1,"l":2},"s":{"a":0,"k":[100,100,100],"ix":6,"l":2}},"ao":0,"shapes":[{"ty":"gr","it":[{"ind":0,"ty":"sh","ix":1,"ks":{"a":0,"k":{"i":[[0,0],[0,-24.853],[0,0],[0,0],[0,0],[24.853,0]],"o":[[-24.853,0],[0,0],[0,0],[0,0],[0,-24.853],[0,0]],"v":[[-20,12.5],[-65,57.5],[-65,72.5],[65,72.5],[65,57.5],[20,12.5]],"c":true},"ix":2},"nm":"Path 2","mn":"ADBE Vector Shape - Group","hd":false},{"ty":"tm","s":{"a":1,"k":[{"i":{"x":[0.368],"y":[1]},"o":{"x":[0.426],"y":[0]},"t":0,"s":[22]},{"i":{"x":[0.195],"y":[1]},"o":{"x":[0.333],"y":[0]},"t":31,"s":[22]},{"t":150,"s":[22]}],"ix":1},"e":{"a":1,"k":[{"i":{"x":[0.368],"y":[1]},"o":{"x":[0.426],"y":[0]},"t":0,"s":[88]},{"i":{"x":[0.195],"y":[1]},"o":{"x":[0.333],"y":[0]},"t":31,"s":[92]},{"t":150,"s":[88]}],"ix":2},"o":{"a":0,"k":69,"ix":3},"m":1,"ix":2,"nm":"Trim Paths 1","mn":"ADBE Vector Filter - Trim","hd":false},{"ind":2,"ty":"sh","ix":3,"ks":{"a":0,"k":{"i":[[0,-16.569],[16.569,0],[0,16.569],[-16.569,0]],"o":[[0,16.569],[-16.569,0],[0,-16.569],[16.569,0]],"v":[[30,-42.5],[0,-12.5],[-30,-42.5],[0,-72.5]],"c":true},"ix":2},"nm":"Path 1","mn":"ADBE Vector Shape - Group","hd":false},{"ty":"mm","mm":1,"nm":"Merge Paths 1","mn":"ADBE Vector Filter - Merge","hd":false},{"ty":"st","c":{"a":0,"k":[0.070588238537,0.074509806931,0.192156866193,1],"ix":3,"x":"var $bm_rt;\n$bm_rt = comp('wired-outline-955-demand').layer('control').effect('primary')('Color');"},"o":{"a":0,"k":100,"ix":4},"w":{"a":0,"k":12,"ix":5,"x":"var $bm_rt;\n$bm_rt = $bm_mul($bm_div(value, 2), comp('wired-outline-955-demand').layer('control').effect('stroke')('Menu'));"},"lc":1,"lj":2,"bm":0,"nm":".primary","mn":"ADBE Vector Graphic - Stroke","hd":false,"cl":"primary"},{"ty":"tr","p":{"a":0,"k":[0,0],"ix":2},"a":{"a":0,"k":[0,0],"ix":1},"s":{"a":0,"k":[100,100],"ix":3},"r":{"a":0,"k":0,"ix":6},"o":{"a":0,"k":100,"ix":7},"sk":{"a":0,"k":0,"ix":4},"sa":{"a":0,"k":0,"ix":5},"nm":"Transform"}],"nm":"Vector","np":5,"cix":2,"bm":0,"ix":1,"mn":"ADBE Vector Group","hd":false}],"ip":0,"op":1800,"st":0,"bm":0},{"ddd":0,"ind":4,"ty":4,"nm":"Vector","sr":1,"ks":{"o":{"a":0,"k":100,"ix":11},"r":{"a":0,"k":0,"ix":10},"p":{"a":1,"k":[{"i":{"x":0.276,"y":1},"o":{"x":0.468,"y":0},"t":0,"s":[115,307.5,0],"to":[0,0,0],"ti":[0,0,0]},{"i":{"x":0.16,"y":1},"o":{"x":0.38,"y":0},"t":31,"s":[115,317.5,0],"to":[0,0,0],"ti":[0,0,0]},{"t":150,"s":[115,307.5,0]}],"ix":2,"l":2},"a":{"a":0,"k":[0,0,0],"ix":1,"l":2},"s":{"a":0,"k":[100,100,100],"ix":6,"l":2}},"ao":0,"shapes":[{"ty":"gr","it":[{"ind":0,"ty":"sh","ix":1,"ks":{"a":0,"k":{"i":[[-24.853,0],[0,0],[0,-24.853],[0,0],[0,0],[0,0]],"o":[[0,0],[24.853,0],[0,0],[0,0],[0,0],[0,-24.853]],"v":[[-20,12.5],[20,12.5],[65,57.5],[65,72.5],[-65,72.5],[-65,57.5]],"c":true},"ix":2},"nm":"Path 2","mn":"ADBE Vector Shape - Group","hd":false},{"ty":"tm","s":{"a":1,"k":[{"i":{"x":[0.368],"y":[1]},"o":{"x":[0.426],"y":[0]},"t":0,"s":[22]},{"i":{"x":[0.195],"y":[1]},"o":{"x":[0.333],"y":[0]},"t":31,"s":[22]},{"t":150,"s":[22]}],"ix":1},"e":{"a":1,"k":[{"i":{"x":[0.368],"y":[1]},"o":{"x":[0.426],"y":[0]},"t":0,"s":[88]},{"i":{"x":[0.195],"y":[1]},"o":{"x":[0.333],"y":[0]},"t":31,"s":[92]},{"t":150,"s":[88]}],"ix":2},"o":{"a":0,"k":109,"ix":3},"m":1,"ix":2,"nm":"Trim Paths 1","mn":"ADBE Vector Filter - Trim","hd":false},{"ind":2,"ty":"sh","ix":3,"ks":{"a":0,"k":{"i":[[0,-16.569],[16.569,0],[0,16.569],[-16.569,0]],"o":[[0,16.569],[-16.569,0],[0,-16.569],[16.569,0]],"v":[[30,-42.5],[0,-12.5],[-30,-42.5],[0,-72.5]],"c":true},"ix":2},"nm":"Path 1","mn":"ADBE Vector Shape - Group","hd":false},{"ty":"mm","mm":1,"nm":"Merge Paths 1","mn":"ADBE Vector Filter - Merge","hd":false},{"ty":"st","c":{"a":0,"k":[0.070588238537,0.074509806931,0.192156866193,1],"ix":3,"x":"var $bm_rt;\n$bm_rt = comp('wired-outline-955-demand').layer('control').effect('primary')('Color');"},"o":{"a":0,"k":100,"ix":4},"w":{"a":0,"k":12,"ix":5,"x":"var $bm_rt;\n$bm_rt = $bm_mul($bm_div(value, 2), comp('wired-outline-955-demand').layer('control').effect('stroke')('Menu'));"},"lc":1,"lj":2,"bm":0,"nm":".primary","mn":"ADBE Vector Graphic - Stroke","hd":false,"cl":"primary"},{"ty":"tr","p":{"a":0,"k":[0,0],"ix":2},"a":{"a":0,"k":[0,0],"ix":1},"s":{"a":0,"k":[100,100],"ix":3},"r":{"a":0,"k":0,"ix":6},"o":{"a":0,"k":100,"ix":7},"sk":{"a":0,"k":0,"ix":4},"sa":{"a":0,"k":0,"ix":5},"nm":"Transform"}],"nm":"Vector","np":5,"cix":2,"bm":0,"ix":1,"mn":"ADBE Vector Group","hd":false}],"ip":0,"op":1800,"st":0,"bm":0},{"ddd":0,"ind":5,"ty":4,"nm":"bubble 3","sr":1,"ks":{"o":{"a":0,"k":100,"ix":11},"r":{"a":0,"k":0,"ix":10},"p":{"a":0,"k":[215,175,0],"ix":2,"l":2},"a":{"a":0,"k":[0,72.5,0],"ix":1,"l":2},"s":{"a":0,"k":[100,100,100],"ix":6,"l":2}},"ao":0,"shapes":[{"ty":"gr","it":[{"ind":0,"ty":"sh","ix":1,"ks":{"a":1,"k":[{"i":{"x":0.3,"y":1},"o":{"x":0.167,"y":0.167},"t":116,"s":[{"i":[[0,0],[0,0],[0,0],[0,-11.046],[0,0],[0,0],[0,0],[0,0],[0,0],[0,0],[0,11.046]],"o":[[0,-11.046],[0,0],[0,0],[0,0],[0,11.046],[0,0],[0,0],[0,0],[0,0],[0,0],[0,0]],"v":[[0,-52.5],[0,-72.5],[0,-72.5],[0,-52.5],[0,17.5],[0,37.5],[0,37.5],[0,72.5],[0,37.5],[0,37.5],[0,17.5]],"c":true}]},{"t":150,"s":[{"i":[[0,0],[-11.046,0],[0,0],[0,-11.046],[0,0],[11.046,0],[0,0],[0,0],[0,0],[0,0],[0,11.046]],"o":[[0,-11.046],[0,0],[11.046,0],[0,0],[0,11.046],[0,0],[0,0],[0,0],[0,0],[-11.046,0],[0,0]],"v":[[-100,-52.5],[-80,-72.5],[80,-72.5],[100,-52.5],[100,17.5],[80,37.5],[23.333,37.5],[0,72.5],[-23.333,37.5],[-80,37.5],[-100,17.5]],"c":true}]}],"ix":2},"nm":"Path 1","mn":"ADBE Vector Shape - Group","hd":false},{"ty":"st","c":{"a":0,"k":[0.031372550875,0.658823549747,0.541176497936,1],"ix":3,"x":"var $bm_rt;\n$bm_rt = comp('wired-outline-955-demand').layer('control').effect('secondary')('Color');"},"o":{"a":0,"k":100,"ix":4},"w":{"a":0,"k":12,"ix":5,"x":"var $bm_rt;\n$bm_rt = $bm_mul($bm_div(value, 2), comp('wired-outline-955-demand').layer('control').effect('stroke')('Menu'));"},"lc":2,"lj":2,"bm":0,"nm":".secondary","mn":"ADBE Vector Graphic - Stroke","hd":false,"cl":"secondary"},{"ty":"tr","p":{"a":0,"k":[0,0],"ix":2},"a":{"a":0,"k":[0,0],"ix":1},"s":{"a":0,"k":[100,100],"ix":3},"r":{"a":0,"k":0,"ix":6},"o":{"a":0,"k":100,"ix":7},"sk":{"a":0,"k":0,"ix":4},"sa":{"a":0,"k":0,"ix":5},"nm":"Transform"}],"nm":"bubble","np":2,"cix":2,"bm":0,"ix":1,"mn":"ADBE Vector Group","hd":false},{"ty":"gr","it":[{"ind":0,"ty":"sh","ix":1,"ks":{"a":1,"k":[{"i":{"x":0.3,"y":1},"o":{"x":0.167,"y":0.167},"t":116,"s":[{"i":[[0,0],[0,0]],"o":[[0,0],[0,0]],"v":[[0,0],[0,0]],"c":false}]},{"t":150,"s":[{"i":[[0,0],[0,0]],"o":[[0,0],[0,0]],"v":[[-25,0],[25,0]],"c":false}]}],"ix":2},"nm":"Path 1","mn":"ADBE Vector Shape - Group","hd":false},{"ind":1,"ty":"sh","ix":2,"ks":{"a":1,"k":[{"i":{"x":0.3,"y":1},"o":{"x":0.167,"y":0.167},"t":116,"s":[{"i":[[0,0],[0,0]],"o":[[0,0],[0,0]],"v":[[0,-25],[0,25]],"c":false}]},{"t":150,"s":[{"i":[[0,0],[0,0]],"o":[[0,0],[0,0]],"v":[[0,-25],[0,25]],"c":false}]}],"ix":2},"nm":"Path 2","mn":"ADBE Vector Shape - Group","hd":false},{"ty":"st","c":{"a":0,"k":[0.031372550875,0.658823549747,0.541176497936,1],"ix":3,"x":"var $bm_rt;\n$bm_rt = comp('wired-outline-955-demand').layer('control').effect('secondary')('Color');"},"o":{"a":0,"k":100,"ix":4},"w":{"a":0,"k":12,"ix":5,"x":"var $bm_rt;\n$bm_rt = $bm_mul($bm_div(value, 2), comp('wired-outline-955-demand').layer('control').effect('stroke')('Menu'));"},"lc":2,"lj":2,"bm":0,"nm":".secondary","mn":"ADBE Vector Graphic - Stroke","hd":false,"cl":"secondary"},{"ty":"tr","p":{"a":0,"k":[0,-17.5],"ix":2},"a":{"a":0,"k":[0,0],"ix":1},"s":{"a":0,"k":[100,100],"ix":3},"r":{"a":0,"k":0,"ix":6},"o":{"a":0,"k":100,"ix":7},"sk":{"a":0,"k":0,"ix":4},"sa":{"a":0,"k":0,"ix":5},"nm":"Transform"}],"nm":"cross","np":3,"cix":2,"bm":0,"ix":2,"mn":"ADBE Vector Group","hd":false}],"ip":115,"op":276,"st":104,"bm":0},{"ddd":0,"ind":6,"ty":4,"nm":"bubble","sr":1,"ks":{"o":{"a":0,"k":100,"ix":11},"r":{"a":0,"k":0,"ix":10},"p":{"a":1,"k":[{"i":{"x":0.33,"y":0.33},"o":{"x":0.47,"y":0.47},"t":0,"s":[215,175,0],"to":[0,0,0],"ti":[0,0,0]},{"t":30,"s":[215,175,0]}],"ix":2,"l":2},"a":{"a":0,"k":[0,72.5,0],"ix":1,"l":2},"s":{"a":1,"k":[{"i":{"x":[0.303,0.303,0.667],"y":[1,1,1]},"o":{"x":[0.333,0.333,0.333],"y":[0,0,0]},"t":0,"s":[100,100,100]},{"i":{"x":[0.133,0.133,0.33],"y":[1,1,1]},"o":{"x":[0.341,0.341,0.333],"y":[0,0,0]},"t":9,"s":[82,82,100]},{"i":{"x":[0.833,0.833,0.833],"y":[0.833,0.833,2.248]},"o":{"x":[0.67,0.67,0.67],"y":[0,0,0]},"t":30,"s":[107,107,100]},{"t":45,"s":[100,100,100]}],"ix":6,"l":2}},"ao":0,"shapes":[{"ty":"gr","it":[{"ind":0,"ty":"sh","ix":1,"ks":{"a":1,"k":[{"i":{"x":0.833,"y":0.833},"o":{"x":0.67,"y":0},"t":30,"s":[{"i":[[0,0],[-11.046,0],[0,0],[0,-11.046],[0,0],[11.046,0],[0,0],[0,0],[0,0],[0,0],[0,11.046]],"o":[[0,-11.046],[0,0],[11.046,0],[0,0],[0,11.046],[0,0],[0,0],[0,0],[0,0],[-11.046,0],[0,0]],"v":[[-100,-52.5],[-80,-72.5],[80,-72.5],[100,-52.5],[100,17.5],[80,37.5],[23.333,37.5],[0,72.5],[-23.333,37.5],[-80,37.5],[-100,17.5]],"c":true}]},{"t":45,"s":[{"i":[[0,0],[-30.789,0],[0,0],[0,-31.939],[0,0],[30.908,0],[0,0],[0,0],[0,0],[0,0],[0,31.568]],"o":[[0,-30.789],[0,0],[31.939,0],[0,0],[0,30.908],[0,0],[0,0],[0,0],[0,0],[-31.568,0],[0,0]],"v":[[-83.201,-19.775],[-27.452,-75.524],[25.035,-75.388],[82.865,-17.558],[82.728,5.54],[26.764,61.504],[7.654,61.684],[0,61.916],[-7.654,61.684],[-26.244,61.69],[-83.402,4.532]],"c":true}]}],"ix":2},"nm":"Path 1","mn":"ADBE Vector Shape - Group","hd":false},{"ty":"st","c":{"a":0,"k":[0.031372550875,0.658823549747,0.541176497936,1],"ix":3,"x":"var $bm_rt;\n$bm_rt = comp('wired-outline-955-demand').layer('control').effect('secondary')('Color');"},"o":{"a":0,"k":100,"ix":4},"w":{"a":0,"k":12,"ix":5,"x":"var $bm_rt;\n$bm_rt = $bm_mul($bm_div(value, 2), comp('wired-outline-955-demand').layer('control').effect('stroke')('Menu'));"},"lc":2,"lj":2,"bm":0,"nm":".secondary","mn":"ADBE Vector Graphic - Stroke","hd":false,"cl":"secondary"},{"ty":"tr","p":{"a":0,"k":[0,0],"ix":2},"a":{"a":0,"k":[0,0],"ix":1},"s":{"a":0,"k":[100,100],"ix":3},"r":{"a":0,"k":0,"ix":6},"o":{"a":0,"k":100,"ix":7},"sk":{"a":0,"k":0,"ix":4},"sa":{"a":0,"k":0,"ix":5},"nm":"Transform"}],"nm":"bubble","np":2,"cix":2,"bm":0,"ix":1,"mn":"ADBE Vector Group","hd":false},{"ty":"gr","it":[{"ind":0,"ty":"sh","ix":1,"ks":{"a":1,"k":[{"i":{"x":0.833,"y":0.833},"o":{"x":0.167,"y":0},"t":30,"s":[{"i":[[0,0],[0,0]],"o":[[0,0],[0,0]],"v":[[-25,0],[0.234,0]],"c":false}]},{"t":45,"s":[{"i":[[0,0],[0,0]],"o":[[0,0],[0,0]],"v":[[-20.375,0.033],[-1.891,-0.201]],"c":false}]}],"ix":2},"nm":"Path 1","mn":"ADBE Vector Shape - Group","hd":false},{"ind":1,"ty":"sh","ix":2,"ks":{"a":1,"k":[{"i":{"x":0.833,"y":0.833},"o":{"x":0.167,"y":0},"t":30,"s":[{"i":[[0,0],[0,0]],"o":[[0,0],[0,0]],"v":[[0.234,0],[25,0]],"c":false}]},{"t":45,"s":[{"i":[[0,0],[0,0]],"o":[[0,0],[0,0]],"v":[[34.359,-0.31],[51.625,0.033]],"c":false}]}],"ix":2},"nm":"Path 3","mn":"ADBE Vector Shape - Group","hd":false},{"ind":2,"ty":"sh","ix":3,"ks":{"a":1,"k":[{"i":{"x":0.833,"y":0.833},"o":{"x":0.167,"y":0},"t":30,"s":[{"i":[[0,0],[0,0],[0,0],[0,0]],"o":[[0,0],[0,0],[0,0],[0,0]],"v":[[0,-25],[0,-6.654],[0,10.89],[0,25]],"c":false}]},{"t":45,"s":[{"i":[[0,0],[0,0],[0,0],[9.625,-3.141]],"o":[[-8.625,2.609],[0,0],[0,0],[-11.052,3.607]],"v":[[26.875,-19.109],[16.125,-8.375],[16.125,7.625],[6.625,19.141]],"c":false}]}],"ix":2},"nm":"Path 2","mn":"ADBE Vector Shape - Group","hd":false},{"ty":"st","c":{"a":0,"k":[0.031372550875,0.658823549747,0.541176497936,1],"ix":3,"x":"var $bm_rt;\n$bm_rt = comp('wired-outline-955-demand').layer('control').effect('secondary')('Color');"},"o":{"a":0,"k":100,"ix":4},"w":{"a":0,"k":12,"ix":5,"x":"var $bm_rt;\n$bm_rt = $bm_mul($bm_div(value, 2), comp('wired-outline-955-demand').layer('control').effect('stroke')('Menu'));"},"lc":2,"lj":2,"bm":0,"nm":".secondary","mn":"ADBE Vector Graphic - Stroke","hd":false,"cl":"secondary"},{"ty":"tr","p":{"a":0,"k":[0,-17.5],"ix":2},"a":{"a":0,"k":[0,0],"ix":1},"s":{"a":0,"k":[100,100],"ix":3},"r":{"a":1,"k":[{"i":{"x":[0.13],"y":[1]},"o":{"x":[0.26],"y":[0]},"t":0,"s":[0]},{"t":30,"s":[90]}],"ix":6},"o":{"a":0,"k":100,"ix":7},"sk":{"a":0,"k":0,"ix":4},"sa":{"a":0,"k":0,"ix":5},"nm":"Transform"}],"nm":"cross","np":4,"cix":2,"bm":0,"ix":2,"mn":"ADBE Vector Group","hd":false}],"ip":0,"op":46,"st":0,"bm":0}]},{"id":"comp_2","nm":"hover-roll","fr":60,"layers":[{"ddd":0,"ind":1,"ty":4,"nm":"Vector","sr":1,"ks":{"o":{"a":0,"k":100,"ix":11},"r":{"a":0,"k":0,"ix":10},"p":{"a":1,"k":[{"i":{"x":0.276,"y":1},"o":{"x":0.468,"y":0},"t":0,"s":[215,302.5,0],"to":[0,0,0],"ti":[0,0,0]},{"i":{"x":0.16,"y":1},"o":{"x":0.38,"y":0},"t":30,"s":[215,324.5,0],"to":[0,0,0],"ti":[0,0,0]},{"t":90,"s":[215,302.5,0]}],"ix":2,"l":2},"a":{"a":0,"k":[0,0,0],"ix":1,"l":2},"s":{"a":0,"k":[100,100,100],"ix":6,"l":2}},"ao":0,"shapes":[{"ty":"gr","it":[{"ind":0,"ty":"sh","ix":1,"ks":{"a":0,"k":{"i":[[0,-24.853],[24.853,0],[0,24.853],[-24.853,0]],"o":[[0,24.853],[-24.853,0],[0,-24.853],[24.853,0]],"v":[[45,-52.5],[0,-7.5],[-45,-52.5],[0,-97.5]],"c":true},"ix":2},"nm":"Path 1","mn":"ADBE Vector Shape - Group","hd":false},{"ind":1,"ty":"sh","ix":2,"ks":{"a":0,"k":{"i":[[0,0],[0,-30.376],[0,0],[0,0],[0,0],[30.376,0]],"o":[[-30.376,0],[0,0],[0,0],[0,0],[0,-30.376],[0,0]],"v":[[-35,17.5],[-90,72.5],[-90,97.5],[90,97.5],[90,72.5],[35,17.5]],"c":true},"ix":2},"nm":"Path 2","mn":"ADBE Vector Shape - Group","hd":false},{"ty":"mm","mm":1,"nm":"Merge Paths 1","mn":"ADBE Vector Filter - Merge","hd":false},{"ty":"st","c":{"a":0,"k":[0.070588238537,0.074509806931,0.192156866193,1],"ix":3,"x":"var $bm_rt;\n$bm_rt = comp('wired-outline-955-demand').layer('control').effect('primary')('Color');"},"o":{"a":0,"k":100,"ix":4},"w":{"a":0,"k":12,"ix":5,"x":"var $bm_rt;\n$bm_rt = $bm_mul($bm_div(value, 2), comp('wired-outline-955-demand').layer('control').effect('stroke')('Menu'));"},"lc":1,"lj":2,"bm":0,"nm":".primary","mn":"ADBE Vector Graphic - Stroke","hd":false,"cl":"primary"},{"ty":"tr","p":{"a":0,"k":[0,0],"ix":2},"a":{"a":0,"k":[0,0],"ix":1},"s":{"a":0,"k":[100,100],"ix":3},"r":{"a":0,"k":0,"ix":6},"o":{"a":0,"k":100,"ix":7},"sk":{"a":0,"k":0,"ix":4},"sa":{"a":0,"k":0,"ix":5},"nm":"Transform"}],"nm":"Vector","np":4,"cix":2,"bm":0,"ix":1,"mn":"ADBE Vector Group","hd":false}],"ip":0,"op":1800,"st":0,"bm":0},{"ddd":0,"ind":2,"ty":4,"nm":"Vector","sr":1,"ks":{"o":{"a":0,"k":100,"ix":11},"r":{"a":0,"k":0,"ix":10},"p":{"a":1,"k":[{"i":{"x":0.276,"y":1},"o":{"x":0.468,"y":0},"t":0,"s":[315,307.5,0],"to":[0,0,0],"ti":[0,0,0]},{"i":{"x":0.16,"y":1},"o":{"x":0.38,"y":0},"t":30,"s":[315,317.5,0],"to":[0,0,0],"ti":[0,0,0]},{"t":90,"s":[315,307.5,0]}],"ix":2,"l":2},"a":{"a":0,"k":[0,0,0],"ix":1,"l":2},"s":{"a":0,"k":[100,100,100],"ix":6,"l":2}},"ao":0,"shapes":[{"ty":"gr","it":[{"ind":0,"ty":"sh","ix":1,"ks":{"a":0,"k":{"i":[[0,0],[0,-24.853],[0,0],[0,0],[0,0],[24.853,0]],"o":[[-24.853,0],[0,0],[0,0],[0,0],[0,-24.853],[0,0]],"v":[[-20,12.5],[-65,57.5],[-65,72.5],[65,72.5],[65,57.5],[20,12.5]],"c":true},"ix":2},"nm":"Path 2","mn":"ADBE Vector Shape - Group","hd":false},{"ty":"tm","s":{"a":1,"k":[{"i":{"x":[0.368],"y":[1]},"o":{"x":[0.426],"y":[0]},"t":0,"s":[22]},{"i":{"x":[0.195],"y":[1]},"o":{"x":[0.333],"y":[0]},"t":30,"s":[22]},{"t":90,"s":[22]}],"ix":1},"e":{"a":1,"k":[{"i":{"x":[0.368],"y":[1]},"o":{"x":[0.426],"y":[0]},"t":0,"s":[88]},{"i":{"x":[0.195],"y":[1]},"o":{"x":[0.333],"y":[0]},"t":30,"s":[92]},{"t":90,"s":[88]}],"ix":2},"o":{"a":0,"k":69,"ix":3},"m":1,"ix":2,"nm":"Trim Paths 1","mn":"ADBE Vector Filter - Trim","hd":false},{"ind":2,"ty":"sh","ix":3,"ks":{"a":0,"k":{"i":[[0,-16.569],[16.569,0],[0,16.569],[-16.569,0]],"o":[[0,16.569],[-16.569,0],[0,-16.569],[16.569,0]],"v":[[30,-42.5],[0,-12.5],[-30,-42.5],[0,-72.5]],"c":true},"ix":2},"nm":"Path 1","mn":"ADBE Vector Shape - Group","hd":false},{"ty":"mm","mm":1,"nm":"Merge Paths 1","mn":"ADBE Vector Filter - Merge","hd":false},{"ty":"st","c":{"a":0,"k":[0.070588238537,0.074509806931,0.192156866193,1],"ix":3,"x":"var $bm_rt;\n$bm_rt = comp('wired-outline-955-demand').layer('control').effect('primary')('Color');"},"o":{"a":0,"k":100,"ix":4},"w":{"a":0,"k":12,"ix":5,"x":"var $bm_rt;\n$bm_rt = $bm_mul($bm_div(value, 2), comp('wired-outline-955-demand').layer('control').effect('stroke')('Menu'));"},"lc":1,"lj":2,"bm":0,"nm":".primary","mn":"ADBE Vector Graphic - Stroke","hd":false,"cl":"primary"},{"ty":"tr","p":{"a":0,"k":[0,0],"ix":2},"a":{"a":0,"k":[0,0],"ix":1},"s":{"a":0,"k":[100,100],"ix":3},"r":{"a":0,"k":0,"ix":6},"o":{"a":0,"k":100,"ix":7},"sk":{"a":0,"k":0,"ix":4},"sa":{"a":0,"k":0,"ix":5},"nm":"Transform"}],"nm":"Vector","np":5,"cix":2,"bm":0,"ix":1,"mn":"ADBE Vector Group","hd":false}],"ip":0,"op":1800,"st":0,"bm":0},{"ddd":0,"ind":3,"ty":4,"nm":"Vector","sr":1,"ks":{"o":{"a":0,"k":100,"ix":11},"r":{"a":0,"k":0,"ix":10},"p":{"a":1,"k":[{"i":{"x":0.276,"y":1},"o":{"x":0.468,"y":0},"t":0,"s":[115,307.5,0],"to":[0,0,0],"ti":[0,0,0]},{"i":{"x":0.16,"y":1},"o":{"x":0.38,"y":0},"t":30,"s":[115,317.5,0],"to":[0,0,0],"ti":[0,0,0]},{"t":90,"s":[115,307.5,0]}],"ix":2,"l":2},"a":{"a":0,"k":[0,0,0],"ix":1,"l":2},"s":{"a":0,"k":[100,100,100],"ix":6,"l":2}},"ao":0,"shapes":[{"ty":"gr","it":[{"ind":0,"ty":"sh","ix":1,"ks":{"a":0,"k":{"i":[[-24.853,0],[0,0],[0,-24.853],[0,0],[0,0],[0,0]],"o":[[0,0],[24.853,0],[0,0],[0,0],[0,0],[0,-24.853]],"v":[[-20,12.5],[20,12.5],[65,57.5],[65,72.5],[-65,72.5],[-65,57.5]],"c":true},"ix":2},"nm":"Path 2","mn":"ADBE Vector Shape - Group","hd":false},{"ty":"tm","s":{"a":1,"k":[{"i":{"x":[0.368],"y":[1]},"o":{"x":[0.426],"y":[0]},"t":0,"s":[22]},{"i":{"x":[0.195],"y":[1]},"o":{"x":[0.333],"y":[0]},"t":30,"s":[22]},{"t":90,"s":[22]}],"ix":1},"e":{"a":1,"k":[{"i":{"x":[0.368],"y":[1]},"o":{"x":[0.426],"y":[0]},"t":0,"s":[88]},{"i":{"x":[0.195],"y":[1]},"o":{"x":[0.333],"y":[0]},"t":30,"s":[92]},{"t":90,"s":[88]}],"ix":2},"o":{"a":0,"k":109,"ix":3},"m":1,"ix":2,"nm":"Trim Paths 1","mn":"ADBE Vector Filter - Trim","hd":false},{"ind":2,"ty":"sh","ix":3,"ks":{"a":0,"k":{"i":[[0,-16.569],[16.569,0],[0,16.569],[-16.569,0]],"o":[[0,16.569],[-16.569,0],[0,-16.569],[16.569,0]],"v":[[30,-42.5],[0,-12.5],[-30,-42.5],[0,-72.5]],"c":true},"ix":2},"nm":"Path 1","mn":"ADBE Vector Shape - Group","hd":false},{"ty":"mm","mm":1,"nm":"Merge Paths 1","mn":"ADBE Vector Filter - Merge","hd":false},{"ty":"st","c":{"a":0,"k":[0.070588238537,0.074509806931,0.192156866193,1],"ix":3,"x":"var $bm_rt;\n$bm_rt = comp('wired-outline-955-demand').layer('control').effect('primary')('Color');"},"o":{"a":0,"k":100,"ix":4},"w":{"a":0,"k":12,"ix":5,"x":"var $bm_rt;\n$bm_rt = $bm_mul($bm_div(value, 2), comp('wired-outline-955-demand').layer('control').effect('stroke')('Menu'));"},"lc":1,"lj":2,"bm":0,"nm":".primary","mn":"ADBE Vector Graphic - Stroke","hd":false,"cl":"primary"},{"ty":"tr","p":{"a":0,"k":[0,0],"ix":2},"a":{"a":0,"k":[0,0],"ix":1},"s":{"a":0,"k":[100,100],"ix":3},"r":{"a":0,"k":0,"ix":6},"o":{"a":0,"k":100,"ix":7},"sk":{"a":0,"k":0,"ix":4},"sa":{"a":0,"k":0,"ix":5},"nm":"Transform"}],"nm":"Vector","np":5,"cix":2,"bm":0,"ix":1,"mn":"ADBE Vector Group","hd":false}],"ip":0,"op":1800,"st":0,"bm":0},{"ddd":0,"ind":4,"ty":4,"nm":"bubble","sr":1,"ks":{"o":{"a":0,"k":100,"ix":11},"r":{"a":1,"k":[{"i":{"x":[0.301],"y":[1]},"o":{"x":[0.47],"y":[0]},"t":0,"s":[0]},{"i":{"x":[0.667],"y":[1]},"o":{"x":[0.474],"y":[0]},"t":36,"s":[25]},{"i":{"x":[0.626],"y":[1]},"o":{"x":[0.197],"y":[0]},"t":66,"s":[-6]},{"t":90,"s":[0]}],"ix":10},"p":{"a":1,"k":[{"i":{"x":0.301,"y":1},"o":{"x":0.47,"y":0},"t":0,"s":[215,175,0],"to":[0,0,0],"ti":[0,0,0]},{"i":{"x":0.15,"y":1},"o":{"x":0.35,"y":0},"t":30,"s":[215,207,0],"to":[0,0,0],"ti":[0,0,0]},{"t":90,"s":[215,175,0]}],"ix":2,"l":2},"a":{"a":0,"k":[0,72.5,0],"ix":1,"l":2},"s":{"a":0,"k":[100,100,100],"ix":6,"l":2}},"ao":0,"shapes":[{"ty":"gr","it":[{"ind":0,"ty":"sh","ix":1,"ks":{"a":1,"k":[{"i":{"x":0.833,"y":0.833},"o":{"x":0.333,"y":0},"t":0,"s":[{"i":[[0,0],[-11.046,0],[0,0],[0,-11.046],[0,0],[11.046,0],[0,0],[0,0],[0,0],[0,0],[0,11.046]],"o":[[0,-11.046],[0,0],[11.046,0],[0,0],[0,11.046],[0,0],[0,0],[0,0],[0,0],[-11.046,0],[0,0]],"v":[[-100,-52.5],[-80,-72.5],[80,-72.5],[100,-52.5],[100,17.5],[80,37.5],[23.333,37.5],[0,72.5],[-23.333,37.5],[-80,37.5],[-100,17.5]],"c":true}]},{"i":{"x":0.667,"y":1},"o":{"x":0.167,"y":0.167},"t":15,"s":[{"i":[[0,0],[0,0],[0,0],[0,-11.046],[0,0],[0,0],[0,0],[0,0],[0,0],[0,0],[0,11.046]],"o":[[0,-11.046],[0,0],[0,0],[0,0],[0,11.046],[0,0],[0,0],[0,0],[0,0],[0,0],[0,0]],"v":[[0,-52.5],[0,-72.5],[0,-72.5],[0,-52.5],[0,17.5],[0,37.5],[0,37.5],[0,72.5],[0,37.5],[0,37.5],[0,17.5]],"c":true}]},{"i":{"x":0.833,"y":0.833},"o":{"x":0.333,"y":0},"t":31.668,"s":[{"i":[[0,0],[-11.046,0],[0,0],[0,-11.046],[0,0],[11.046,0],[0,0],[0,0],[0,0],[0,0],[0,11.046]],"o":[[0,-11.046],[0,0],[11.046,0],[0,0],[0,11.046],[0,0],[0,0],[0,0],[0,0],[-11.046,0],[0,0]],"v":[[-100,-52.5],[-80,-72.5],[80,-72.5],[100,-52.5],[100,17.5],[80,37.5],[23.333,37.5],[0,72.5],[-23.333,37.5],[-80,37.5],[-100,17.5]],"c":true}]},{"i":{"x":0.23,"y":1},"o":{"x":0.167,"y":0.167},"t":48.332,"s":[{"i":[[0,0],[0,0],[0,0],[0,-11.046],[0,0],[0,0],[0,0],[0,0],[0,0],[0,0],[0,11.046]],"o":[[0,-11.046],[0,0],[0,0],[0,0],[0,11.046],[0,0],[0,0],[0,0],[0,0],[0,0],[0,0]],"v":[[0,-52.5],[0,-72.5],[0,-72.5],[0,-52.5],[0,17.5],[0,37.5],[0,37.5],[0,72.5],[0,37.5],[0,37.5],[0,17.5]],"c":true}]},{"t":90,"s":[{"i":[[0,0],[-11.046,0],[0,0],[0,-11.046],[0,0],[11.046,0],[0,0],[0,0],[0,0],[0,0],[0,11.046]],"o":[[0,-11.046],[0,0],[11.046,0],[0,0],[0,11.046],[0,0],[0,0],[0,0],[0,0],[-11.046,0],[0,0]],"v":[[-100,-52.5],[-80,-72.5],[80,-72.5],[100,-52.5],[100,17.5],[80,37.5],[23.333,37.5],[0,72.5],[-23.333,37.5],[-80,37.5],[-100,17.5]],"c":true}]}],"ix":2},"nm":"Path 1","mn":"ADBE Vector Shape - Group","hd":false},{"ty":"st","c":{"a":0,"k":[0.031372550875,0.658823549747,0.541176497936,1],"ix":3,"x":"var $bm_rt;\n$bm_rt = comp('wired-outline-955-demand').layer('control').effect('secondary')('Color');"},"o":{"a":0,"k":100,"ix":4},"w":{"a":0,"k":12,"ix":5,"x":"var $bm_rt;\n$bm_rt = $bm_mul($bm_div(value, 2), comp('wired-outline-955-demand').layer('control').effect('stroke')('Menu'));"},"lc":2,"lj":2,"bm":0,"nm":".secondary","mn":"ADBE Vector Graphic - Stroke","hd":false,"cl":"secondary"},{"ty":"tr","p":{"a":0,"k":[0,0],"ix":2},"a":{"a":0,"k":[0,0],"ix":1},"s":{"a":0,"k":[100,100],"ix":3},"r":{"a":0,"k":0,"ix":6},"o":{"a":0,"k":100,"ix":7},"sk":{"a":0,"k":0,"ix":4},"sa":{"a":0,"k":0,"ix":5},"nm":"Transform"}],"nm":"bubble","np":2,"cix":2,"bm":0,"ix":1,"mn":"ADBE Vector Group","hd":false},{"ty":"gr","it":[{"ind":0,"ty":"sh","ix":1,"ks":{"a":1,"k":[{"i":{"x":0.833,"y":0.833},"o":{"x":0.333,"y":0},"t":0,"s":[{"i":[[0,0],[0,0]],"o":[[0,0],[0,0]],"v":[[-25,0],[25,0]],"c":false}]},{"i":{"x":0.667,"y":1},"o":{"x":0.167,"y":0.167},"t":15,"s":[{"i":[[0,0],[0,0]],"o":[[0,0],[0,0]],"v":[[0,0],[0,0]],"c":false}]},{"i":{"x":0.833,"y":0.833},"o":{"x":0.333,"y":0},"t":31.668,"s":[{"i":[[0,0],[0,0]],"o":[[0,0],[0,0]],"v":[[-25,0],[25,0]],"c":false}]},{"i":{"x":0.23,"y":1},"o":{"x":0.167,"y":0.167},"t":48.332,"s":[{"i":[[0,0],[0,0]],"o":[[0,0],[0,0]],"v":[[0,0],[0,0]],"c":false}]},{"t":90,"s":[{"i":[[0,0],[0,0]],"o":[[0,0],[0,0]],"v":[[-25,0],[25,0]],"c":false}]}],"ix":2},"nm":"Path 1","mn":"ADBE Vector Shape - Group","hd":false},{"ind":1,"ty":"sh","ix":2,"ks":{"a":1,"k":[{"i":{"x":0.833,"y":0.833},"o":{"x":0.333,"y":0},"t":0,"s":[{"i":[[0,0],[0,0]],"o":[[0,0],[0,0]],"v":[[0,-25],[0,25]],"c":false}]},{"i":{"x":0.667,"y":1},"o":{"x":0.167,"y":0.167},"t":15,"s":[{"i":[[0,0],[0,0]],"o":[[0,0],[0,0]],"v":[[0,-25],[0,25]],"c":false}]},{"i":{"x":0.833,"y":0.833},"o":{"x":0.333,"y":0},"t":31.668,"s":[{"i":[[0,0],[0,0]],"o":[[0,0],[0,0]],"v":[[0,-25],[0,25]],"c":false}]},{"i":{"x":0.23,"y":1},"o":{"x":0.167,"y":0.167},"t":48.332,"s":[{"i":[[0,0],[0,0]],"o":[[0,0],[0,0]],"v":[[0,-25],[0,25]],"c":false}]},{"t":90,"s":[{"i":[[0,0],[0,0]],"o":[[0,0],[0,0]],"v":[[0,-25],[0,25]],"c":false}]}],"ix":2},"nm":"Path 2","mn":"ADBE Vector Shape - Group","hd":false},{"ty":"st","c":{"a":0,"k":[0.031372550875,0.658823549747,0.541176497936,1],"ix":3,"x":"var $bm_rt;\n$bm_rt = comp('wired-outline-955-demand').layer('control').effect('secondary')('Color');"},"o":{"a":0,"k":100,"ix":4},"w":{"a":0,"k":12,"ix":5,"x":"var $bm_rt;\n$bm_rt = $bm_mul($bm_div(value, 2), comp('wired-outline-955-demand').layer('control').effect('stroke')('Menu'));"},"lc":2,"lj":2,"bm":0,"nm":".secondary","mn":"ADBE Vector Graphic - Stroke","hd":false,"cl":"secondary"},{"ty":"tr","p":{"a":0,"k":[0,-17.5],"ix":2},"a":{"a":0,"k":[0,0],"ix":1},"s":{"a":0,"k":[100,100],"ix":3},"r":{"a":0,"k":0,"ix":6},"o":{"a":0,"k":100,"ix":7},"sk":{"a":0,"k":0,"ix":4},"sa":{"a":0,"k":0,"ix":5},"nm":"Transform"}],"nm":"cross","np":3,"cix":2,"bm":0,"ix":2,"mn":"ADBE Vector Group","hd":false}],"ip":0,"op":1800,"st":0,"bm":0}]},{"id":"comp_3","nm":"morph-coin","fr":60,"layers":[{"ddd":0,"ind":1,"ty":4,"nm":"Vector 5","sr":1,"ks":{"o":{"a":0,"k":100,"ix":11},"r":{"a":0,"k":0,"ix":10},"p":{"a":1,"k":[{"i":{"x":0.667,"y":1},"o":{"x":0.5,"y":0},"t":0,"s":[215,302.5,0],"to":[0,0,0],"ti":[0,0,0]},{"i":{"x":0.5,"y":1},"o":{"x":0.333,"y":0},"t":15,"s":[215,314.5,0],"to":[0,0,0],"ti":[0,0,0]},{"t":30,"s":[215,302.5,0]}],"ix":2,"l":2},"a":{"a":0,"k":[0,0,0],"ix":1,"l":2},"s":{"a":0,"k":[100,100,100],"ix":6,"l":2}},"ao":0,"shapes":[{"ty":"gr","it":[{"ind":0,"ty":"sh","ix":1,"ks":{"a":0,"k":{"i":[[0,-24.853],[24.853,0],[0,24.853],[-24.853,0]],"o":[[0,24.853],[-24.853,0],[0,-24.853],[24.853,0]],"v":[[45,-52.5],[0,-7.5],[-45,-52.5],[0,-97.5]],"c":true},"ix":2},"nm":"Path 1","mn":"ADBE Vector Shape - Group","hd":false},{"ind":1,"ty":"sh","ix":2,"ks":{"a":0,"k":{"i":[[0,0],[0,-30.376],[0,0],[0,0],[0,0],[30.376,0]],"o":[[-30.376,0],[0,0],[0,0],[0,0],[0,-30.376],[0,0]],"v":[[-35,17.5],[-90,72.5],[-90,97.5],[90,97.5],[90,72.5],[35,17.5]],"c":true},"ix":2},"nm":"Path 2","mn":"ADBE Vector Shape - Group","hd":false},{"ty":"mm","mm":1,"nm":"Merge Paths 1","mn":"ADBE Vector Filter - Merge","hd":false},{"ty":"st","c":{"a":0,"k":[0.070588238537,0.074509806931,0.192156866193,1],"ix":3,"x":"var $bm_rt;\n$bm_rt = comp('wired-outline-955-demand').layer('control').effect('primary')('Color');"},"o":{"a":0,"k":100,"ix":4},"w":{"a":0,"k":12,"ix":5,"x":"var $bm_rt;\n$bm_rt = $bm_mul($bm_div(value, 2), comp('wired-outline-955-demand').layer('control').effect('stroke')('Menu'));"},"lc":1,"lj":2,"bm":0,"nm":".primary","mn":"ADBE Vector Graphic - Stroke","hd":false,"cl":"primary"},{"ty":"tr","p":{"a":0,"k":[0,0],"ix":2},"a":{"a":0,"k":[0,0],"ix":1},"s":{"a":0,"k":[100,100],"ix":3},"r":{"a":0,"k":0,"ix":6},"o":{"a":0,"k":100,"ix":7},"sk":{"a":0,"k":0,"ix":4},"sa":{"a":0,"k":0,"ix":5},"nm":"Transform"}],"nm":"Vector","np":4,"cix":2,"bm":0,"ix":1,"mn":"ADBE Vector Group","hd":false}],"ip":0,"op":1800,"st":0,"bm":0},{"ddd":0,"ind":2,"ty":4,"nm":"Vector 4","sr":1,"ks":{"o":{"a":0,"k":100,"ix":11},"r":{"a":0,"k":0,"ix":10},"p":{"a":1,"k":[{"i":{"x":0.667,"y":1},"o":{"x":0.5,"y":0},"t":0,"s":[315,307.5,0],"to":[0,0,0],"ti":[0,0,0]},{"i":{"x":0.5,"y":1},"o":{"x":0.333,"y":0},"t":15,"s":[315,311.5,0],"to":[0,0,0],"ti":[0,0,0]},{"t":30,"s":[315,307.5,0]}],"ix":2,"l":2},"a":{"a":0,"k":[0,0,0],"ix":1,"l":2},"s":{"a":0,"k":[100,100,100],"ix":6,"l":2}},"ao":0,"shapes":[{"ty":"gr","it":[{"ind":0,"ty":"sh","ix":1,"ks":{"a":0,"k":{"i":[[0,0],[0,-24.853],[0,0],[0,0],[0,0],[24.853,0]],"o":[[-24.853,0],[0,0],[0,0],[0,0],[0,-24.853],[0,0]],"v":[[-20,12.5],[-65,57.5],[-65,72.5],[65,72.5],[65,57.5],[20,12.5]],"c":true},"ix":2},"nm":"Path 2","mn":"ADBE Vector Shape - Group","hd":false},{"ty":"tm","s":{"a":1,"k":[{"i":{"x":[0.667],"y":[1]},"o":{"x":[0.5],"y":[0]},"t":0,"s":[22]},{"i":{"x":[0.5],"y":[1]},"o":{"x":[0.333],"y":[0]},"t":15,"s":[21]},{"t":30,"s":[22]}],"ix":1},"e":{"a":1,"k":[{"i":{"x":[0.667],"y":[1]},"o":{"x":[0.5],"y":[0]},"t":0,"s":[88]},{"i":{"x":[0.5],"y":[1]},"o":{"x":[0.333],"y":[0]},"t":15,"s":[89]},{"t":30,"s":[88]}],"ix":2},"o":{"a":0,"k":69,"ix":3},"m":1,"ix":2,"nm":"Trim Paths 1","mn":"ADBE Vector Filter - Trim","hd":false},{"ind":2,"ty":"sh","ix":3,"ks":{"a":0,"k":{"i":[[0,-16.569],[16.569,0],[0,16.569],[-16.569,0]],"o":[[0,16.569],[-16.569,0],[0,-16.569],[16.569,0]],"v":[[30,-42.5],[0,-12.5],[-30,-42.5],[0,-72.5]],"c":true},"ix":2},"nm":"Path 1","mn":"ADBE Vector Shape - Group","hd":false},{"ty":"mm","mm":1,"nm":"Merge Paths 1","mn":"ADBE Vector Filter - Merge","hd":false},{"ty":"st","c":{"a":0,"k":[0.070588238537,0.074509806931,0.192156866193,1],"ix":3,"x":"var $bm_rt;\n$bm_rt = comp('wired-outline-955-demand').layer('control').effect('primary')('Color');"},"o":{"a":0,"k":100,"ix":4},"w":{"a":0,"k":12,"ix":5,"x":"var $bm_rt;\n$bm_rt = $bm_mul($bm_div(value, 2), comp('wired-outline-955-demand').layer('control').effect('stroke')('Menu'));"},"lc":1,"lj":2,"bm":0,"nm":".primary","mn":"ADBE Vector Graphic - Stroke","hd":false,"cl":"primary"},{"ty":"tr","p":{"a":0,"k":[0,0],"ix":2},"a":{"a":0,"k":[0,0],"ix":1},"s":{"a":0,"k":[100,100],"ix":3},"r":{"a":0,"k":0,"ix":6},"o":{"a":0,"k":100,"ix":7},"sk":{"a":0,"k":0,"ix":4},"sa":{"a":0,"k":0,"ix":5},"nm":"Transform"}],"nm":"Vector","np":5,"cix":2,"bm":0,"ix":1,"mn":"ADBE Vector Group","hd":false}],"ip":0,"op":1800,"st":0,"bm":0},{"ddd":0,"ind":3,"ty":4,"nm":"Vector 3","sr":1,"ks":{"o":{"a":0,"k":100,"ix":11},"r":{"a":0,"k":0,"ix":10},"p":{"a":1,"k":[{"i":{"x":0.667,"y":1},"o":{"x":0.5,"y":0},"t":0,"s":[115,307.5,0],"to":[0,0,0],"ti":[0,0,0]},{"i":{"x":0.5,"y":1},"o":{"x":0.333,"y":0},"t":15,"s":[115,311.5,0],"to":[0,0,0],"ti":[0,0,0]},{"t":30,"s":[115,307.5,0]}],"ix":2,"l":2},"a":{"a":0,"k":[0,0,0],"ix":1,"l":2},"s":{"a":0,"k":[100,100,100],"ix":6,"l":2}},"ao":0,"shapes":[{"ty":"gr","it":[{"ind":0,"ty":"sh","ix":1,"ks":{"a":0,"k":{"i":[[-24.853,0],[0,0],[0,-24.853],[0,0],[0,0],[0,0]],"o":[[0,0],[24.853,0],[0,0],[0,0],[0,0],[0,-24.853]],"v":[[-20,12.5],[20,12.5],[65,57.5],[65,72.5],[-65,72.5],[-65,57.5]],"c":true},"ix":2},"nm":"Path 2","mn":"ADBE Vector Shape - Group","hd":false},{"ty":"tm","s":{"a":1,"k":[{"i":{"x":[0.667],"y":[1]},"o":{"x":[0.5],"y":[0]},"t":0,"s":[22]},{"i":{"x":[0.5],"y":[1]},"o":{"x":[0.333],"y":[0]},"t":15,"s":[22]},{"t":30,"s":[22]}],"ix":1},"e":{"a":1,"k":[{"i":{"x":[0.667],"y":[1]},"o":{"x":[0.5],"y":[0]},"t":0,"s":[88]},{"i":{"x":[0.5],"y":[1]},"o":{"x":[0.333],"y":[0]},"t":15,"s":[90]},{"t":30,"s":[88]}],"ix":2},"o":{"a":0,"k":109,"ix":3},"m":1,"ix":2,"nm":"Trim Paths 1","mn":"ADBE Vector Filter - Trim","hd":false},{"ind":2,"ty":"sh","ix":3,"ks":{"a":0,"k":{"i":[[0,-16.569],[16.569,0],[0,16.569],[-16.569,0]],"o":[[0,16.569],[-16.569,0],[0,-16.569],[16.569,0]],"v":[[30,-42.5],[0,-12.5],[-30,-42.5],[0,-72.5]],"c":true},"ix":2},"nm":"Path 1","mn":"ADBE Vector Shape - Group","hd":false},{"ty":"mm","mm":1,"nm":"Merge Paths 1","mn":"ADBE Vector Filter - Merge","hd":false},{"ty":"st","c":{"a":0,"k":[0.070588238537,0.074509806931,0.192156866193,1],"ix":3,"x":"var $bm_rt;\n$bm_rt = comp('wired-outline-955-demand').layer('control').effect('primary')('Color');"},"o":{"a":0,"k":100,"ix":4},"w":{"a":0,"k":12,"ix":5,"x":"var $bm_rt;\n$bm_rt = $bm_mul($bm_div(value, 2), comp('wired-outline-955-demand').layer('control').effect('stroke')('Menu'));"},"lc":1,"lj":2,"bm":0,"nm":".primary","mn":"ADBE Vector Graphic - Stroke","hd":false,"cl":"primary"},{"ty":"tr","p":{"a":0,"k":[0,0],"ix":2},"a":{"a":0,"k":[0,0],"ix":1},"s":{"a":0,"k":[100,100],"ix":3},"r":{"a":0,"k":0,"ix":6},"o":{"a":0,"k":100,"ix":7},"sk":{"a":0,"k":0,"ix":4},"sa":{"a":0,"k":0,"ix":5},"nm":"Transform"}],"nm":"Vector","np":5,"cix":2,"bm":0,"ix":1,"mn":"ADBE Vector Group","hd":false}],"ip":0,"op":1800,"st":0,"bm":0},{"ddd":0,"ind":4,"ty":4,"nm":"Vector 2","sr":1,"ks":{"o":{"a":0,"k":100,"ix":11},"r":{"a":0,"k":0,"ix":10},"p":{"a":0,"k":[215,101,0],"ix":2,"l":2},"a":{"a":0,"k":[0,0,0],"ix":1,"l":2},"s":{"a":1,"k":[{"i":{"x":[0.667,0.667,0.667],"y":[1,1,1]},"o":{"x":[0.5,0.5,0.5],"y":[0,0,0]},"t":0,"s":[100,100,100]},{"i":{"x":[0.5,0.5,0.5],"y":[1,1,1]},"o":{"x":[0.333,0.333,0.333],"y":[0,0,0]},"t":15,"s":[79,79,100]},{"t":30,"s":[100,100,100]}],"ix":6,"l":2}},"ao":0,"shapes":[{"ty":"gr","it":[{"ind":0,"ty":"sh","ix":1,"ks":{"a":1,"k":[{"i":{"x":0.5,"y":1},"o":{"x":0.167,"y":0.167},"t":15,"s":[{"i":[[0,0],[0,0],[3.023,-3.021],[0,-4.274],[-0.81,-1.955],[-1.497,-1.496],[-1.956,-0.809],[-2.117,0.001],[0,0],[-1.953,-0.81],[-1.493,-1.497],[-0.806,-1.955],[0.004,-2.114],[2.977,-2.994],[4.222,-0.032],[0,0]],"o":[[0,0],[-4.274,0],[-3.023,3.021],[0,2.117],[0.81,1.955],[1.497,1.496],[1.956,0.809],[0,0],[2.114,0],[1.953,0.81],[1.493,1.497],[0.806,1.955],[-0.009,4.222],[-2.977,2.994],[0,0],[0,0]],"v":[[18.008,-31.742],[-6.965,-31.742],[-18.361,-27.023],[-23.088,-15.63],[-21.86,-9.462],[-18.365,-4.234],[-13.134,-0.742],[-6.965,0.481],[5.359,0.481],[11.52,1.708],[16.74,5.202],[20.223,10.429],[21.437,16.592],[16.776,27.856],[5.538,32.58],[-22.617,32.334]],"c":false}]},{"t":30,"s":[{"i":[[0,0],[0,0],[2.689,-2.687],[0.003,-3.801],[-0.721,-1.739],[-1.332,-1.331],[-1.74,-0.72],[-1.883,0.001],[0,0],[-1.737,-0.721],[-1.328,-1.331],[-0.717,-1.738],[0.004,-1.88],[2.648,-2.663],[3.755,-0.029],[0,0]],"o":[[0,0],[-3.801,0],[-2.689,2.687],[0,1.883],[0.721,1.739],[1.332,1.331],[1.74,0.72],[0,0],[1.88,0],[1.737,0.721],[1.328,1.331],[0.717,1.738],[-0.008,3.755],[-2.648,2.663],[0,0],[0,0]],"v":[[16.552,-28.4],[-5.66,-28.4],[-15.796,-24.204],[-20,-14.071],[-18.908,-8.585],[-15.799,-3.934],[-11.147,-0.829],[-5.66,0.259],[5.301,0.259],[10.781,1.35],[15.424,4.458],[18.521,9.107],[19.601,14.589],[15.456,24.607],[5.461,28.809],[-19.581,28.59]],"c":false}]}],"ix":2},"nm":"Path 2","mn":"ADBE Vector Shape - Group","hd":false},{"ty":"tm","s":{"a":1,"k":[{"i":{"x":[0.5],"y":[1]},"o":{"x":[0.167],"y":[0.167]},"t":15,"s":[34]},{"t":29.8671875,"s":[0]}],"ix":1},"e":{"a":1,"k":[{"i":{"x":[0.5],"y":[1]},"o":{"x":[0.167],"y":[0.167]},"t":15,"s":[66]},{"t":29.8671875,"s":[100]}],"ix":2},"o":{"a":0,"k":0,"ix":3},"m":1,"ix":2,"nm":"Trim Paths 1","mn":"ADBE Vector Filter - Trim","hd":false},{"ind":2,"ty":"sh","ix":3,"ks":{"a":1,"k":[{"i":{"x":0.5,"y":1},"o":{"x":0.167,"y":0.167},"t":15,"s":[{"i":[[-0.463,0],[0,50.536],[41.786,0],[0.213,0],[0,-38.191],[-52.328,0]],"o":[[43.536,0],[0,-51.214],[-0.213,0],[-55.075,0],[0,37.941],[0.461,0]],"v":[[13.895,72.146],[83.432,2.61],[13.895,-66.927],[-14.743,-66.921],[-83.641,2.613],[-15.49,72.135]],"c":true}]},{"t":29.8671875,"s":[{"i":[[-0.499,0],[0,41.421],[41.421,0],[0.229,-0.002],[0,-41.192],[-40.731,-0.796]],"o":[[41.421,0],[0,-41.421],[-0.23,0],[-41.104,0.37],[0,40.922],[0.497,0.01]],"v":[[0,75],[75,0],[0,-75],[-0.689,-74.997],[-75,0],[-1.495,74.985]],"c":true}]}],"ix":2},"nm":"Path 1","mn":"ADBE Vector Shape - Group","hd":false},{"ind":3,"ty":"sh","ix":4,"ks":{"a":1,"k":[{"i":{"x":0.833,"y":0.833},"o":{"x":0.167,"y":0.167},"t":15,"s":[{"i":[[0,0],[0,0]],"o":[[0,0],[0,0]],"v":[[-0.278,22.401],[-0.278,38.652]],"c":false}]},{"i":{"x":0.5,"y":1},"o":{"x":0.167,"y":0.167},"t":23,"s":[{"i":[[0,0],[0,0]],"o":[[0,0],[0,0]],"v":[[-0.167,30.998],[-0.218,39.676]],"c":false}]},{"t":29.8671875,"s":[{"i":[[0,0],[0,0]],"o":[[0,0],[0,0]],"v":[[-0.199,28.749],[-0.199,40]],"c":false}]}],"ix":2},"nm":"Path 3","mn":"ADBE Vector Shape - Group","hd":false},{"ind":4,"ty":"sh","ix":5,"ks":{"a":1,"k":[{"i":{"x":0.833,"y":0.833},"o":{"x":0.167,"y":0.167},"t":15,"s":[{"i":[[0,0],[0,0]],"o":[[0,0],[0,0]],"v":[[-0.276,-40.213],[-0.276,-22.154]],"c":false}]},{"i":{"x":0.5,"y":1},"o":{"x":0.167,"y":0.167},"t":23,"s":[{"i":[[0,0],[0,0]],"o":[[0,0],[0,0]],"v":[[-0.218,-40.051],[-0.166,-29.896]],"c":false}]},{"t":29.8671875,"s":[{"i":[[0,0],[0,0]],"o":[[0,0],[0,0]],"v":[[-0.199,-40],[-0.199,-28.44]],"c":false}]}],"ix":2},"nm":"Path 4","mn":"ADBE Vector Shape - Group","hd":false},{"ty":"mm","mm":1,"nm":"Merge Paths 1","mn":"ADBE Vector Filter - Merge","hd":false},{"ty":"st","c":{"a":0,"k":[0.031372550875,0.658823549747,0.541176497936,1],"ix":3,"x":"var $bm_rt;\n$bm_rt = comp('wired-outline-955-demand').layer('control').effect('secondary')('Color');"},"o":{"a":0,"k":100,"ix":4},"w":{"a":0,"k":12,"ix":5,"x":"var $bm_rt;\n$bm_rt = $bm_mul($bm_div(value, 2), comp('wired-outline-955-demand').layer('control').effect('stroke')('Menu'));"},"lc":2,"lj":2,"bm":0,"nm":".secondary","mn":"ADBE Vector Graphic - Stroke","hd":false,"cl":"secondary"},{"ty":"tr","p":{"a":0,"k":[0,0],"ix":2},"a":{"a":0,"k":[0,0],"ix":1},"s":{"a":0,"k":[100,100],"ix":3},"r":{"a":0,"k":0,"ix":6},"o":{"a":0,"k":100,"ix":7},"sk":{"a":0,"k":0,"ix":4},"sa":{"a":0,"k":0,"ix":5},"nm":"Transform"}],"nm":"Vector","np":7,"cix":2,"bm":0,"ix":1,"mn":"ADBE Vector Group","hd":false}],"ip":15,"op":234,"st":-31,"bm":0},{"ddd":0,"ind":5,"ty":4,"nm":"bubble","parent":4,"sr":1,"ks":{"o":{"a":0,"k":100,"ix":11},"r":{"a":0,"k":0,"ix":10},"p":{"a":0,"k":[0,74,0],"ix":2,"l":2},"a":{"a":0,"k":[0,72.5,0],"ix":1,"l":2},"s":{"a":0,"k":[100,100,100],"ix":6,"l":2}},"ao":0,"shapes":[{"ty":"gr","it":[{"ind":0,"ty":"sh","ix":1,"ks":{"a":1,"k":[{"i":{"x":0.833,"y":0.833},"o":{"x":0.5,"y":0},"t":0,"s":[{"i":[[0,0],[-11.046,0],[0,0],[0,-11.046],[0,0],[11.046,0],[0,0],[0,0],[0,0],[0,0],[0,11.046]],"o":[[0,-11.046],[0,0],[11.046,0],[0,0],[0,11.046],[0,0],[0,0],[0,0],[0,0],[-11.046,0],[0,0]],"v":[[-100,-52.5],[-80,-72.5],[80,-72.5],[100,-52.5],[100,17.5],[80,37.5],[23.333,37.5],[0,72.5],[-23.333,37.5],[-80,37.5],[-100,17.5]],"c":true}]},{"t":15,"s":[{"i":[[0,0],[-30.417,0],[0,0],[0,-31.552],[0,0],[30.534,0],[0,0],[0,0],[0,0],[0,0],[0,31.185]],"o":[[0,-30.417],[0,0],[31.552,0],[0,0],[0,30.534],[0,0],[0,0],[0,0],[0,0],[-31.185,0],[0,0]],"v":[[-82.278,-12.156],[-27.204,-67.23],[24.648,-67.097],[81.778,-9.967],[81.643,12.852],[26.356,68.139],[7.478,68.316],[-0.084,68.545],[-7.646,68.316],[-26.01,68.323],[-82.476,11.857]],"c":true}]}],"ix":2},"nm":"Path 1","mn":"ADBE Vector Shape - Group","hd":false},{"ty":"st","c":{"a":0,"k":[0.031372550875,0.658823549747,0.541176497936,1],"ix":3,"x":"var $bm_rt;\n$bm_rt = comp('wired-outline-955-demand').layer('control').effect('secondary')('Color');"},"o":{"a":0,"k":100,"ix":4},"w":{"a":0,"k":12,"ix":5,"x":"var $bm_rt;\n$bm_rt = $bm_mul($bm_div(value, 2), comp('wired-outline-955-demand').layer('control').effect('stroke')('Menu'));"},"lc":2,"lj":2,"bm":0,"nm":".secondary","mn":"ADBE Vector Graphic - Stroke","hd":false,"cl":"secondary"},{"ty":"tr","p":{"a":0,"k":[0,0],"ix":2},"a":{"a":0,"k":[0,0],"ix":1},"s":{"a":0,"k":[100,100],"ix":3},"r":{"a":0,"k":0,"ix":6},"o":{"a":0,"k":100,"ix":7},"sk":{"a":0,"k":0,"ix":4},"sa":{"a":0,"k":0,"ix":5},"nm":"Transform"}],"nm":"bubble","np":2,"cix":2,"bm":0,"ix":1,"mn":"ADBE Vector Group","hd":false},{"ty":"gr","it":[{"ind":0,"ty":"sh","ix":1,"ks":{"a":1,"k":[{"i":{"x":0.833,"y":0.833},"o":{"x":0.5,"y":0},"t":0,"s":[{"i":[[0,0],[0,0]],"o":[[0,0],[0,0]],"v":[[-25,0],[0.234,0]],"c":false}]},{"t":15,"s":[{"i":[[0,0],[0,0]],"o":[[0,0],[0,0]],"v":[[-24.072,0.196],[-5.812,-0.035]],"c":false}]}],"ix":2},"nm":"Path 1","mn":"ADBE Vector Shape - Group","hd":false},{"ind":1,"ty":"sh","ix":2,"ks":{"a":1,"k":[{"i":{"x":0.833,"y":0.833},"o":{"x":0.5,"y":0},"t":0,"s":[{"i":[[0,0],[0,0]],"o":[[0,0],[0,0]],"v":[[0.234,0],[25,0]],"c":false}]},{"t":15,"s":[{"i":[[0,0],[0,0]],"o":[[0,0],[0,0]],"v":[[36.041,-0.222],[53.098,0.116]],"c":false}]}],"ix":2},"nm":"Path 3","mn":"ADBE Vector Shape - Group","hd":false},{"ind":2,"ty":"sh","ix":3,"ks":{"a":1,"k":[{"i":{"x":0.833,"y":0.833},"o":{"x":0.5,"y":0},"t":0,"s":[{"i":[[0,0],[0,0],[0,0],[0,0]],"o":[[0,0],[0,0],[0,0],[0,0]],"v":[[0,-25],[0,-6.654],[0,10.89],[0,25]],"c":false}]},{"t":15,"s":[{"i":[[0,0],[0,0],[0,0],[9.508,-3.103]],"o":[[-8.521,2.577],[0,0],[0,0],[-10.918,3.563]],"v":[[27.824,-20.991],[15.282,-7.641],[15.282,8.166],[5.073,21.465]],"c":false}]}],"ix":2},"nm":"Path 2","mn":"ADBE Vector Shape - Group","hd":false},{"ty":"st","c":{"a":0,"k":[0.031372550875,0.658823549747,0.541176497936,1],"ix":3,"x":"var $bm_rt;\n$bm_rt = comp('wired-outline-955-demand').layer('control').effect('secondary')('Color');"},"o":{"a":0,"k":100,"ix":4},"w":{"a":0,"k":12,"ix":5,"x":"var $bm_rt;\n$bm_rt = $bm_mul($bm_div(value, 2), comp('wired-outline-955-demand').layer('control').effect('stroke')('Menu'));"},"lc":2,"lj":2,"bm":0,"nm":".secondary","mn":"ADBE Vector Graphic - Stroke","hd":false,"cl":"secondary"},{"ty":"tr","p":{"a":0,"k":[0,-17.5],"ix":2},"a":{"a":0,"k":[0,0],"ix":1},"s":{"a":0,"k":[100,100],"ix":3},"r":{"a":0,"k":90,"ix":6},"o":{"a":0,"k":100,"ix":7},"sk":{"a":0,"k":0,"ix":4},"sa":{"a":0,"k":0,"ix":5},"nm":"Transform"}],"nm":"cross","np":4,"cix":2,"bm":0,"ix":2,"mn":"ADBE Vector Group","hd":false}],"ip":0,"op":15,"st":0,"bm":0}]}],"layers":[{"ddd":0,"ind":1,"ty":3,"nm":"control","sr":1,"ks":{"o":{"a":0,"k":0,"ix":11},"r":{"a":0,"k":0,"ix":10},"p":{"a":0,"k":[0,0],"ix":2,"l":2},"a":{"a":0,"k":[0,0,0],"ix":1,"l":2},"s":{"a":0,"k":[100,100,100],"ix":6,"l":2}},"ao":0,"ef":[{"ty":5,"nm":"stroke","np":3,"mn":"Pseudo/@@xUTnIk6ASJGlI/ITxuUBPg","ix":1,"en":1,"ef":[{"ty":7,"nm":"Menu","mn":"Pseudo/@@xUTnIk6ASJGlI/ITxuUBPg-0001","ix":1,"v":{"a":0,"k":2,"ix":1}}]},{"ty":5,"nm":"primary","np":3,"mn":"ADBE Color Control","ix":2,"en":1,"ef":[{"ty":2,"nm":"Color","mn":"ADBE Color Control-0001","ix":1,"v":{"a":0,"k":[0.070588238537,0.074509806931,0.192156866193,1],"ix":1}}]},{"ty":5,"nm":"secondary","np":3,"mn":"ADBE Color Control","ix":3,"en":1,"ef":[{"ty":2,"nm":"Color","mn":"ADBE Color Control-0001","ix":1,"v":{"a":0,"k":[0.031372550875,0.658823549747,0.541176497936,1],"ix":1}}]}],"ip":0,"op":391,"st":0,"bm":0},{"ddd":0,"ind":2,"ty":0,"nm":"in-reveal","refId":"comp_0","sr":1,"ks":{"o":{"a":0,"k":100,"ix":11},"r":{"a":0,"k":0,"ix":10},"p":{"a":0,"k":[215,215,0],"ix":2,"l":2},"a":{"a":0,"k":[215,215,0],"ix":1,"l":2},"s":{"a":0,"k":[100,100,100],"ix":6,"l":2}},"ao":0,"w":430,"h":430,"ip":0,"op":100,"st":0,"bm":0},{"ddd":0,"ind":3,"ty":0,"nm":"hover-click","refId":"comp_1","sr":1,"ks":{"o":{"a":0,"k":100,"ix":11},"r":{"a":0,"k":0,"ix":10},"p":{"a":0,"k":[215,215,0],"ix":2,"l":2},"a":{"a":0,"k":[215,215,0],"ix":1,"l":2},"s":{"a":0,"k":[100,100,100],"ix":6,"l":2}},"ao":0,"w":430,"h":430,"ip":100,"op":260,"st":100,"bm":0},{"ddd":0,"ind":4,"ty":0,"nm":"hover-roll","refId":"comp_2","sr":1,"ks":{"o":{"a":0,"k":100,"ix":11},"r":{"a":0,"k":0,"ix":10},"p":{"a":0,"k":[215,215,0],"ix":2,"l":2},"a":{"a":0,"k":[215,215,0],"ix":1,"l":2},"s":{"a":0,"k":[100,100,100],"ix":6,"l":2}},"ao":0,"w":430,"h":430,"ip":260,"op":360,"st":260,"bm":0},{"ddd":0,"ind":5,"ty":0,"nm":"morph-coin","refId":"comp_3","sr":1,"ks":{"o":{"a":0,"k":100,"ix":11},"r":{"a":0,"k":0,"ix":10},"p":{"a":0,"k":[215,215,0],"ix":2,"l":2},"a":{"a":0,"k":[215,215,0],"ix":1,"l":2},"s":{"a":0,"k":[100,100,100],"ix":6,"l":2}},"ao":0,"w":430,"h":430,"ip":360,"op":400,"st":360,"bm":0}],"markers":[{"tm":0,"cm":"in-reveal","dr":90},{"tm":100,"cm":"default:hover-click","dr":150},{"tm":260,"cm":"hover-roll","dr":90},{"tm":360,"cm":"morph-coin","dr":30}]}